seriesCode,baseline_0,baseline_1,baseline_2,baseline_3,baseline_4,baseline_5,baseline_6,baseline_7,baseline_8,baseline_9,baseline_10,baseline_11,baseline_12,baseline_13,baseline_14,baseline_15,baseline_16,baseline_17,baseline_18,baseline_19,baseline_20,baseline_21,baseline_22,baseline_23,baseline_24,baseline_25,baseline_26,baseline_27,baseline_28,baseline_29,baseline_30,baseline_31,baseline_32,baseline_33,baseline_34,baseline_35,baseline_36,baseline_37,baseline_38,baseline_39,baseline_40,baseline_41,baseline_42,baseline_43,baseline_44,baseline_45,baseline_46,baseline_47,baseline_48,baseline_49,baseline_50,baseline_51,baseline_52,baseline_53,baseline_54,baseline_55,counter_0,counter_1,counter_2,counter_3,counter_4,counter_5,counter_6,counter_7,counter_8,counter_9,counter_10,counter_11,counter_12,counter_13,counter_14,counter_15,counter_16,counter_17,counter_18,counter_19,counter_20,counter_21,counter_22,counter_23,counter_24,counter_25,counter_26,counter_27,counter_28,counter_29,counter_30,counter_31,counter_32,counter_33,counter_34,counter_35,counter_36,counter_37,counter_38,counter_39,counter_40,counter_41,counter_42,counter_43,counter_44,counter_45,counter_46,counter_47,counter_48,counter_49,counter_50,counter_51,counter_52,counter_53,counter_54,counter_55
sdg1_320pov,0.6441523336442287,0.6488015081485292,0.653761285788125,0.6589764482278787,0.6641847083757162,0.6693653593560016,0.6753052624447816,0.6813141884525507,0.6872955052927029,0.6932630175490947,0.6985057891564148,0.7037347561799538,0.7087014361114559,0.7137854550051821,0.7189177899421832,0.7238292515385123,0.7286647879240007,0.7335141288932655,0.7385084179923551,0.7433508566697229,0.7483520480607097,0.753346337159788,0.7578091497829026,0.762202939487058,0.7665000971046727,0.7708869845169349,0.7760814400809903,0.7810412177205991,0.7861183343224272,0.791085014253931,0.7959619643907845,0.8009355466141822,0.8059022265456777,0.8107791766825371,0.8159253162033243,0.8215270069892288,0.8270665771480741,0.8324611991771053,0.8382561541360949,0.8439475747166423,0.8495492655025507,0.8551578585803514,0.8604627508147423,0.8659125911789427,0.8712727017484966,0.8765568871072001,0.8820757503903559,0.8872909128301016,0.89264412110776,0.8980042316773174,0.9032124918251672,0.9082274877999382,0.9132769952341879,0.9182988935008523,0.9235554696919751,0.9291088444346086,0.6441523336442287,0.6485944393916584,0.6532505161878428,0.6581343686166022,0.6630458302129254,0.6679779986849601,0.6729722877840311,0.6781805479318944,0.6831472278633811,0.6881622238381603,0.6932255358561945,0.6981577043282178,0.7030415567569692,0.7080427481479473,0.712988721203763,0.7178518667568253,0.7227081100179988,0.7275643532791608,0.732296355286212,0.7369731389580847,0.7416775317975537,0.7464992635992401,0.7508999555952922,0.755141894877741,0.7596116097927496,0.763777623864348,0.768461309828122,0.7731173866243184,0.7777803657124038,0.7823743218815391,0.7871063238885823,0.7919970786092305,0.797046586043478,0.8018683178451699,0.8069592390307905,0.8120846716758912,0.8172101043209935,0.8223493415498859,0.8273781421084475,0.8322896037047809,0.8373529157228229,0.8422988887786352,0.8473483962128847,0.8523357830200724,0.8574405087894851,0.8625038208075252,0.8673669663605892,0.8722784279569228,0.877238205596527,0.8822186901118187,0.8870404219135082,0.8918069353800334,0.8966286671817232,0.901346864604978,0.9062307170337297,0.9110593511273153
sdg1_wpc,0.9189657192324364,0.9200621088049259,0.9212057507492555,0.9223326257229464,0.9234732191271586,0.9246321037720483,0.9259830464443173,0.9273446590069958,0.92870017448944,0.9300678841323319,0.9312100018065874,0.9323780320718509,0.9335125283958112,0.934654646070082,0.9357937152042348,0.9369144930976884,0.9380809990928738,0.939223116767145,0.9403698072515874,0.9415104006558,0.9426387998995295,0.9437839661138976,0.9448254819643148,0.9458258425231434,0.9468140089215183,0.9478585733120447,0.9490540404383593,0.9502235949736655,0.9514449746909729,0.9526434903573961,0.9537856080316676,0.9549277257059249,0.9560881346208808,0.9572439707256725,0.9584638261729074,0.9596638661093977,0.9608898186368721,0.9621142468942953,0.9634179371947396,0.9647262003053754,0.9660207449854765,0.9673091925853529,0.9685397179229963,0.9697717675306998,0.9709977200581728,0.9722297696658757,0.9734602950035335,0.9746953931513564,0.9759533553500651,0.977196074848175,0.978428124455892,0.9796464556330718,0.9808571654599708,0.982067875286855,0.9833029734346778,0.9845456929327916,0.9189657192324364,0.9200986912863265,0.9212423332306564,0.922379878094757,0.9235372384696114,0.9246808804139148,0.9258656776498211,0.9270535234258452,0.9282520390922764,0.929444457678453,0.9305896238928258,0.9317347901072147,0.9328814805916407,0.9340434137766709,0.9351763858305904,0.9362941151839268,0.9374316600480026,0.9385874961527992,0.9397280895570087,0.9408427703702292,0.9419528783732575,0.9430904232373337,0.9441166963871686,0.945136872456753,0.9461616213365299,0.9471574090851878,0.9482659928181746,0.949385246441556,0.9504923059044852,0.9516146080679863,0.9527399587716153,0.9538957948764012,0.9550623008715908,0.9561922243853881,0.9574334196134415,0.958656323600807,0.9598517907271122,0.9610762189845368,0.9622488220599608,0.9634275222156343,0.9646199408018217,0.9657818739868528,0.9669742925730371,0.9681499441885799,0.9693484598550028,0.9705759366525305,0.9717439669177952,0.972936385503983,0.9741379497105311,0.975337989647005,0.9764785830512196,0.9775764968937887,0.978743002888994,0.9798774992129602,0.9810577236386775,0.9822425208745742
sdg2_crlyld,0.03692499999999962,0.03737836525830949,0.03783035996579264,0.038280984122451504,0.038742572685712184,0.0392089581768594,0.0396821964221336,0.040172566552721986,0.04066978943743631,0.04114097185647263,0.0415963929410188,0.04205866677969199,0.04252436699542749,0.04298732610951223,0.04351333056155548,0.0440228884036962,0.04455094868197645,0.045067359278242944,0.04555635885800675,0.046066601975559784,0.046570677614399716,0.04708160600736619,0.047534971265674984,0.04797188991408177,0.04840606746083864,0.04882585422393133,0.049284016410128216,0.049759310481639625,0.05023528982856447,0.05072634523456522,0.05117902521746148,0.051639243229896555,0.05209946124233146,0.05255899397935353,0.05304114080499101,0.05350889684696452,0.05397459706269993,0.05445057640962376,0.05493889071397491,0.05544913383152832,0.055959376949081256,0.05647647282076076,0.0569510816168601,0.057438710645797704,0.05792085747143526,0.058409857051198985,0.058894744978486416,0.059385800384487465,0.05985424170187359,0.06033159159962281,0.060819905903973584,0.06130547910667378,0.06178282900442339,0.06226429055464843,0.06272793494414562,0.06319706153694447,0.03692499999999962,0.03739001494032342,0.037837897995331056,0.038288522151989926,0.038726126075810184,0.03919593794402038,0.039641079897378646,0.04011363286723981,0.040567683400961535,0.04103955109541045,0.041497713281606924,0.041957931294042454,0.04240512907363816,0.042851641577820884,0.043302951009892655,0.04375974264526459,0.04420488459862232,0.04465345292904319,0.04509585378075139,0.045529346052095195,0.04596283832343918,0.04642237106046188,0.04681680263328863,0.04719821397327636,0.04759675719857874,0.04798228019104245,0.04840891970826052,0.04882116844181432,0.049243011031145145,0.049664168345062515,0.05010725447218268,0.05054828477306525,0.05098314759523473,0.05144953308638272,0.05192893881036966,0.05240080650481879,0.05287335947468007,0.053343171342890676,0.053806130456976124,0.0542540135119847,0.05471080514735619,0.05518061701556733,0.05562301786727539,0.056085976981360156,0.05656401215452211,0.05704752953098518,0.05751391502213293,0.057974818309980365,0.0584309246699399,0.05889936598732571,0.05935615762269762,0.05981363453348183,0.060272481995091824,0.060720365050100325,0.06117235975758356,0.061629836668368514
sdg2_obesity,0.9700000000000197,0.9692370384620791,0.9684405435146657,0.967666404173609,0.9668950592833122,0.9661404810977512,0.9653831084614065,0.9646117635711335,0.9638515964840112,0.9630942238476665,0.9623340567605511,0.9615822730257879,0.9608193114878676,0.9600339943436162,0.9593185384691462,0.9585639602836122,0.9578708600154531,0.9571078984775409,0.9563672925459407,0.9556238921635585,0.9548637250764231,0.9541091468908819,0.9533573631561174,0.9525804293642608,0.9518426178834632,0.9510097950757709,0.9502747780457633,0.9495285832125814,0.9487767994778299,0.9480333990954374,0.9472816153606917,0.946527037175153,0.9457640756372289,0.9450094974516857,0.9442241803074362,0.9434640132203119,0.9427122294855479,0.9419604457508017,0.9412226342700051,0.940468056084455,0.9397190668004932,0.9389616941641488,0.938207115978608,0.9374497433422634,0.9366867818043477,0.9359349980696015,0.935186008785634,0.934395102739813,0.9336377301034707,0.9328524129592287,0.9320866569705126,0.9313460510389252,0.9305886784025897,0.9298117446107197,0.9290711386791319,0.9283109715919977,0.9700000000000197,0.969228655109707,0.9684489268670375,0.9676915542307243,0.966925798242009,0.9661712200564486,0.9653886973629885,0.9646257358250862,0.963882335442708,0.9630998127492479,0.9623312623097603,0.9615655063210441,0.9607690113736358,0.960017227638872,0.9592179382406837,0.9584605656043574,0.9577059874188044,0.9569318480777311,0.9561577087366426,0.9554059250018874,0.9546485523655425,0.9538967686307948,0.9530863014294264,0.9522674508757072,0.9514877226330534,0.950707994390383,0.9499478273032566,0.9491541268066338,0.9484079319734652,0.9476449704355389,0.946887597799212,0.9460855139502317,0.9453057857075641,0.9445372352680661,0.9437630959269793,0.9430085177414375,0.9422539395558837,0.9414825946656015,0.9407112497753182,0.9399454937866057,0.939182532248689,0.9384167762599732,0.9376594036236405,0.9369048254380867,0.9361306860970104,0.9353928746162175,0.9346438853322495,0.9338697459911717,0.9330956066500841,0.9323298506613792,0.9315417390663376,0.9307564219220984,0.9300046381873458,0.929247265551011,0.9284507706036096,0.9276850146148935
sdg2_snmi,0.07943262411347515,0.08518394993203002,0.08818299575462223,0.0914230604469182,0.0946553503369658,0.09801981186523716,0.10146979621824151,0.10533184509041585,0.10932606560081362,0.11303261842801822,0.11666142323273775,0.1198937131227849,0.12332037306904324,0.1266615101905698,0.1309356235819133,0.13483654646532978,0.13891628980046217,0.1429727087288477,0.14684253240327086,0.15057240963722024,0.15436448528915875,0.15826540817257495,0.16118670597268275,0.16422462580651756,0.16734806846508546,0.17033933948542984,0.17362605299121578,0.17711491135546292,0.18073594135793425,0.18428699814016897,0.1873793415897432,0.1906349558865357,0.1937817229518497,0.1970995356666297,0.20072834047134927,0.20438046968281415,0.20784600364031586,0.2113892856203018,0.2150647392385129,0.21905895974891074,0.22279661178510962,0.22682970630675042,0.23031078986874867,0.23403289230044994,0.23771612072090922,0.24167924202231333,0.24528472242028784,0.24855588632157713,0.2518970234431033,0.2551215385309009,0.25822165678272446,0.26146172147501945,0.26468623656281765,0.26760753436292617,0.2705599313720271,0.273691148832844,0.07943262411347515,0.0849973546780665,0.08802749970965257,0.09136863683117889,0.09463980073246898,0.09787209062251591,0.10122100254629013,0.10474096011953102,0.10817539486803802,0.11176532566151555,0.11523085961901691,0.1184320503000699,0.12156326776088626,0.12470226002395185,0.12782570268252016,0.13100356895682738,0.13401038958166897,0.13709495822899406,0.1400473552380963,0.14312414908317317,0.14604544688328125,0.14944100762054624,0.15220680937568423,0.15467716864537978,0.15713197831057774,0.15980448243873496,0.16260138340286598,0.16543715837824058,0.16835845617834802,0.1713963760121833,0.17452759347299998,0.17761216212032543,0.18092220003285786,0.18410784110941317,0.1874178790219459,0.19098448540867694,0.1944888933774211,0.19792332812592867,0.20130333925869698,0.20458227796223452,0.20762797259831806,0.21103130813783208,0.2143180216436176,0.2175814107426589,0.22107026910690575,0.22437253221718917,0.22763592131622987,0.23095373403101102,0.23431819555928163,0.237511611438086,0.2406739281078972,0.24375072195297404,0.24660204653284523,0.24976436320265585,0.2528800310589757,0.2562133933782526
sdg2_stunting,0.3743636363636301,0.3776476294262084,0.3809015788314751,0.3846913067919081,0.3885210929620729,0.39240595917063614,0.396370941798649,0.4002908589407121,0.40426084884495583,0.40826588968269967,0.4121908141009818,0.41610572396684287,0.42005568476620475,0.42396558735583684,0.42838122484335023,0.4326766877016571,0.43698216511239574,0.4413026643517872,0.4454779525809043,0.449793444544076,0.45400879098292013,0.4581740646596046,0.4619888290011199,0.4656984405420943,0.4694130593592883,0.4731326854526918,0.4771377262904415,0.4812128689952192,0.48518786617567383,0.4891578560799075,0.49303771501224014,0.4969526248780967,0.5007924256006984,0.5046923136378987,0.5087624490664673,0.5128476063236805,0.517002865447924,0.5211380954673035,0.5253935001158839,0.5296489047644585,0.5339543821751975,0.5381947649951312,0.5422799222523428,0.5464301741003695,0.5504953022527248,0.5545654376812856,0.5585905076238981,0.5625354611470543,0.5665154656037199,0.5706156446895817,0.5746807728419248,0.5787509082704977,0.58270587634608,0.5867609899459899,0.5907109507453644,0.5947209988593285,0.3743636363636301,0.377627600321343,0.3808965715552585,0.38470632862055715,0.3885361147907227,0.3924159737230696,0.3963308835889162,0.4002708298358464,0.40423080518765764,0.40827089695891544,0.4121357340625996,0.4160005711662961,0.41990546647970856,0.42369018716392715,0.42746489329572196,0.43124460670372533,0.43491916731117997,0.43863378612836745,0.44232336856448085,0.44608806014383307,0.4498026789610214,0.45354734143551634,0.4569615236797091,0.4602355021898427,0.4636446771578275,0.46709891761175487,0.4706533035900136,0.47439295878828375,0.4780124393573651,0.481762109108069,0.4855468297922877,0.4893615941338139,0.493191380303981,0.4970261737503677,0.5010312145881208,0.5049611462826206,0.5090362889874007,0.5130062788916325,0.5169662542434373,0.5208911786617209,0.5246959284508036,0.5285657728307137,0.5324856899727808,0.5364807162580921,0.5404456988861165,0.544395659685482,0.5483005549988968,0.5521553775501543,0.556120360178172,0.5599851972818553,0.5638099761758053,0.5676247405173336,0.5713944393729021,0.5752392473717183,0.5791691790662282,0.5831141325893743
sdg2_trophic,0.6615000000000046,0.6626976555084494,0.6638652270916894,0.6649966979646411,0.6660479450369944,0.6672576341155407,0.6683349539230866,0.6694584024159798,0.6705718229338008,0.6717012882117424,0.6727405017139972,0.6738037823564355,0.6749131916842257,0.6760185898219847,0.6773907320967634,0.6787267736612744,0.6801229830762378,0.6815512820114453,0.68282515013048,0.684123085389703,0.6854029702937834,0.6866928831729404,0.6877080295350149,0.6887131479220113,0.689796484514601,0.6908336924218437,0.691993241625014,0.6932169698686695,0.6944025918070348,0.6955882137454014,0.6966996286682073,0.6978511554913154,0.6989385032739343,0.6999837335612393,0.7011653443095747,0.7023690166030766,0.7035024930710487,0.7046981429844931,0.7059780278885739,0.7072539016026235,0.7085418088867692,0.7098477665260492,0.710963192638882,0.7121187306520201,0.7132682518801144,0.7144278010832832,0.7155592719562374,0.7167208267544249,0.7178843871476243,0.7190639923009432,0.720315798874812,0.7214793592680131,0.7226088245459539,0.7237944464843192,0.724956001282505,0.7261436288158875,0.6615000000000046,0.6627217226486324,0.6638953110169177,0.6650047203447021,0.6661963590681187,0.6672997516108611,0.6684593008140307,0.6696489339424258,0.6708265335007325,0.6720061386540556,0.6731115367918112,0.6742189405245863,0.6753203274723146,0.6764578151303172,0.6775531852929952,0.6786605890257705,0.6797439256183619,0.6808232510209209,0.6818684813082222,0.682901678025435,0.6839729810479357,0.6850282393103109,0.6860353632923261,0.6869722914488049,0.6879513371006041,0.6889263715623726,0.6899194563792806,0.6910027929718716,0.6921142078946729,0.6931634493720072,0.6942528027496435,0.6953702344574931,0.6965017053304468,0.697607103468209,0.6987887142165433,0.6999542802047581,0.7011519357132163,0.7022533226609452,0.7033767711538402,0.7045583819021738,0.7057038919402386,0.7068193180530737,0.7080149679665148,0.7091584724095628,0.7102759041174146,0.711407374990369,0.7125167843181556,0.7136402328110528,0.7148037932042531,0.7159232305071155,0.7169965391246316,0.718051797387011,0.7190869996992354,0.7201763530768717,0.721295790379736,0.7224232500626623
sdg2_wasting,0.1742727272727244,0.1761778509288068,0.17828797780417596,0.18036795714729745,0.18254440859361115,0.18475402232539956,0.18700584260233546,0.18931192843731892,0.19155168970135347,0.193848731276661,0.1960281974762012,0.19824082596121584,0.20050169049782632,0.20271130422961364,0.2052012900113109,0.207733482338157,0.2102626599117777,0.21274661618702317,0.2151883659171234,0.2176271008939985,0.22008392439022517,0.22254677739289877,0.22470514031986408,0.226824311454907,0.22893745308350247,0.23108978650401873,0.2334079313518989,0.2357622532384792,0.2380743685799098,0.24040155768746896,0.24260212715958202,0.24483585891716841,0.24703642838928178,0.2492219240952724,0.25152800993025537,0.2538853465700597,0.25625172746953845,0.25857288707064596,0.2610236810604206,0.26346543079052,0.2659312985464192,0.26842128432811624,0.27073641442277496,0.2730153674787343,0.2753727041185385,0.27772702600511834,0.2799999495546282,0.2823090501428359,0.2846091064713678,0.2869121775531265,0.28922127814133286,0.29157258527469043,0.2939178629015947,0.296308361826873,0.2986204771683051,0.30094465152263694,0.1742727272727244,0.17624719025297764,0.17838444990737093,0.1805850193794857,0.18281272163062096,0.18501329110273482,0.18733445070384322,0.18958928573400347,0.19186823878996115,0.19421954592331528,0.1963929826164057,0.19858752258207182,0.2008302985993333,0.20307608936981825,0.20529474736128003,0.20746818405437234,0.20971397482485782,0.21191152954374448,0.21407592197716016,0.21627046194282395,0.21848309042783892,0.22061432057578073,0.222567680283458,0.224484862952437,0.2264412374133407,0.22841268564036643,0.23052582726895882,0.23259977710563004,0.2346676974358492,0.236850178388616,0.23909295440587638,0.2412995533844404,0.24351821137590213,0.24572481035446628,0.24803391094267402,0.25038521807602887,0.25267020063843726,0.2549762864734202,0.2572703132955043,0.25955831061113693,0.26180711613484847,0.26404084789243454,0.266307741935496,0.2685806654850049,0.27086564804741353,0.2731355568436981,0.27540245088675797,0.27761206461854687,0.2798849881680551,0.2821518822111155,0.28432230415098,0.2864384605328002,0.2885877792000906,0.29077930441252975,0.29297384437819324,0.29525882694060274
sdg3_births,0.655995770410336,0.6578325686148309,0.6640268774533944,0.6691660043446979,0.6744614544874472,0.6793074752822864,0.6841339556706969,0.6887650319947974,0.6936110527896369,0.6981053462687226,0.7025996397478084,0.7075042817619331,0.7127411106853826,0.7177825355445311,0.7227067179650939,0.7277676832306723,0.7336298051599149,0.7388080128640787,0.7445724327611655,0.7503173122518229,0.7563280343463464,0.7622292370884507,0.7677787125147998,0.7744851661546645,0.7813793007726656,0.7884338528762239,0.7953752567752996,0.8017104426929816,0.8078738591868876,0.8138823485754605,0.8196945031356495,0.8249790667222069,0.830724876976939,0.8360567098445598,0.8416348449096172,0.8431517389070926,0.8445941001309035,0.8458487803765701,0.8471620818415352,0.8512274171432183,0.855531331556172,0.8599406710874444,0.8644713472914032,0.8685685057018199,0.8725175293289928,0.8761847987979322,0.8795389563819404,0.8834329876418858,0.8872683976825377,0.8908606689957739,0.8941339668660679,0.8976953458346507,0.9010113533698736,0.9042687396858046,0.9070053273501927,0.9081586767116474,0.655995770410336,0.6576957857698151,0.6652774634649655,0.6715499339292555,0.6775292982970829,0.6841730364835577,0.6906604514185863,0.6967179774121373,0.7026973417799638,0.7081100343612976,0.7132296208461688,0.7195216317168792,0.7258136425875938,0.7319102493940053,0.7379286945746938,0.7439862205682428,0.7501414485939477,0.7563552978389446,0.7620220157038775,0.7677668951945343,0.7740002848459618,0.7801518840196021,0.7857249940864836,0.7932207870697447,0.8004552970652725,0.8069390831482365,0.8144548819199694,0.8201420709554089,0.825985583242295,0.8317550281375582,0.8374417517909598,0.8428794751589372,0.8476755285847251,0.8522616625379501,0.85700002550852,0.860968124160086,0.864776270708137,0.8682363187924981,0.8714032607804016,0.874901924295591,0.8781783856359138,0.8816965895575339,0.8851293741493035,0.8882804045828395,0.8912905579372588,0.8941325707199658,0.8969087045792532,0.9004078334764803,0.9028940247093312,0.9054983891448367,0.9080277554246476,0.9106707352909824,0.9132196419772276,0.915972141195983,0.9185605940771268,0.9209263794013668
sdg3_fertility,0.8588954545454377,0.8606527445483209,0.8621885955586538,0.8637982595665015,0.865479499814364,0.8671160049122159,0.8688576376125935,0.8705880865254677,0.8722872208333338,0.8740288535337091,0.8757145672965728,0.877431595664443,0.879132966729809,0.8807515777676561,0.8823992666530107,0.884084980415874,0.8857662206637354,0.8874429873965962,0.8891577790069657,0.8908434927698297,0.8925963092577078,0.8943379419580838,0.8959476059659277,0.8974722731887543,0.8989320744440598,0.900445557879381,0.902006013222215,0.9036112037150595,0.9051761325728934,0.9067432981882259,0.9084133546485841,0.9101482770764597,0.9118764892318332,0.9136203586897084,0.9153687016625848,0.9171371754529679,0.9188609140933398,0.9206360981562239,0.9223710205840985,0.924128310586978,0.9258498124698483,0.9275623673227171,0.9293464984156038,0.9312200998085117,0.9329930471138944,0.9348129663267875,0.936646306084685,0.938401359330065,0.9401765433929501,0.941931596638329,0.9436620455512024,0.9453030241640562,0.9470111055019237,0.9486655046597771,0.9503579286951416,0.9520257483980002,0.8588954545454377,0.8606661650933244,0.8622400409811661,0.863773655233996,0.8653452943643329,0.8669281172821722,0.868564622380024,0.8702369155978841,0.8719382866632495,0.8736821561211258,0.8753902374589956,0.8770356895868491,0.8786319330496908,0.880286332207547,0.8818870491853911,0.8835213175257414,0.8851980842586019,0.8868077482664474,0.8883995182142884,0.8899935249196298,0.891630030017482,0.8931748280578113,0.8946994952806351,0.8961369289609405,0.89756765236874,0.8990296903815498,0.9005990927543862,0.9021863891872268,0.9037938164375695,0.9054034804454109,0.9070534060882649,0.9087234625486248,0.9103577308889762,0.9120680489843455,0.9138007346547167,0.9155468408700945,0.9173018941154731,0.9190904987233611,0.9208544989987423,0.9225267922166027,0.9242527676144734,0.9259317711048345,0.9276063010801954,0.929294251600559,0.9310470680884374,0.9327394921238009,0.9344654675216733,0.936173548859543,0.9379107080449186,0.9396210261402871,0.9412798988131436,0.9429208774259963,0.9445685663113501,0.946200597894198,0.9479109159895668,0.949679389779949
sdg3_matmort,0.9500000000000167,0.9504456859108137,0.9509163039628151,0.9513722184443774,0.9518306900686274,0.9523108974056821,0.9527923833140853,0.9532700335084562,0.95377645155802,0.9542764767508541,0.9547637162302953,0.95524008785332,0.9557170987620247,0.9561762096719431,0.9566423527242435,0.9570989064914761,0.9575560995443824,0.9580190461683143,0.9584960570770203,0.9589813786994421,0.9594558324654562,0.9599334826598316,0.9603727757139516,0.9607986437689847,0.961205333253896,0.9616280048805672,0.9620724122200578,0.9624957231324076,0.962926705472805,0.9633653592412551,0.9638602701487397,0.9643500667708605,0.9648417812499923,0.9653366921574734,0.9658405530643491,0.9663488889709227,0.9668540284491374,0.9673610857843683,0.967855996691855,0.9683509075993395,0.968845818506825,0.969317715130157,0.9698529010349051,0.9703721047978836,0.9708932264178682,0.9714175444662124,0.9719105375166872,0.9724131198522203,0.9729041950456785,0.9734023023815179,0.9738703632908261,0.9743473741995271,0.9748179922515189,0.9752981995885738,0.9757796854969714,0.9762784321184824,0.9500000000000167,0.9504488823391684,0.9508900932503109,0.951354318445593,0.9518147079268559,0.9522750974081157,0.9527559440308467,0.9532444620816235,0.9537374551320977,0.9542246946115166,0.9546940340921724,0.9551403592886679,0.9556071416266381,0.9560681703935705,0.9565285598748314,0.9569972600698109,0.9574550924083888,0.957905892604576,0.9583637249431536,0.9588247537100844,0.9592698003352405,0.9597295505308312,0.9601356007300664,0.9605346187869247,0.9609432261288473,0.9613697334695428,0.9618250086654377,0.9622770874329785,0.9627381161999052,0.9631953092528114,0.9636544201627276,0.9641256775003911,0.9645956562667144,0.9650662743187032,0.9655714137969207,0.9660842247031882,0.9665912820384185,0.9671053715160304,0.9675983645665045,0.9680772933322153,0.9685491899555512,0.9690332330066294,0.9695351760564919,0.970037119106356,0.9705218014431056,0.9710186302076051,0.9715033125443567,0.9719956663091548,0.9724835450742618,0.9729701452680262,0.9734362883203201,0.9738992349442623,0.9743698529962538,0.9748519781903208,0.9753526426688441,0.9758302928632152
sdg3_neonat,0.6426229508196771,0.643122362749223,0.647718394582387,0.6524186817124807,0.6570637748618503,0.6617824599855244,0.6666483290578422,0.671642984085201,0.6766069757899401,0.6816077634818247,0.6864736325541418,0.6913088383038166,0.6960765847437124,0.7009669844741244,0.7056795369332816,0.7102694361019039,0.7148838659286398,0.7193388464776809,0.7240636642658926,0.7288988700155669,0.7336972797780931,0.7385079548696621,0.742938404760609,0.7472891300127038,0.7517134472391227,0.75602737650406,0.7606970003115326,0.7652317054994172,0.7697234820356259,0.7741845952491965,0.7789830050117215,0.7837936801032923,0.7886902124982386,0.7935254182479157,0.7984035526492828,0.8033982076766464,0.8083560667168541,0.8133875177313765,0.8183331114425314,0.8231315212050522,0.8278440736642058,0.8326915447429373,0.8377352610865137,0.8427115181202989,0.8478410917672438,0.8528664101172385,0.8577568098476569,0.8626288115844933,0.867592803289228,0.8724218763743806,0.8772570821240613,0.8820493592220553,0.8867312483585774,0.8914744641403618,0.8964445885096214,0.9012736615947744,0.6426229508196771,0.6430487707749065,0.6475344146465964,0.6521181811506908,0.6566958149902704,0.6613347754751007,0.6659614706308915,0.6707905437160387,0.6756196168011972,0.6803934959056094,0.685185773003609,0.6898492641465488,0.6944330306506522,0.699249838406749,0.7039010642206422,0.7086565453314764,0.7132709751582118,0.7178976703139922,0.7225611614569382,0.7270774686512447,0.7315385818648201,0.7361775423496543,0.7402400323690176,0.7444435736724827,0.7486532476404778,0.752740268317942,0.7571645855443587,0.761564372112667,0.7661236079586629,0.7706031191658137,0.775217548992546,0.7799423667807508,0.7846733172334844,0.7893122777183197,0.7941168201453704,0.7991053425082072,0.804050936219362,0.8089229379561992,0.8136600210734585,0.8183112468873476,0.8230176666819751,0.8278406071026012,0.8327371394975457,0.8373883653114352,0.8422113057320628,0.8471323687851114,0.8519001152250006,0.8566249330132074,0.8614785367564651,0.8662033545446713,0.8707503250616124,0.87538928554645,0.8800895726765503,0.884783727142125,0.8895698715755938,0.8944848019641173
sdg3_tb,0.9631249999999925,0.9634292052574773,0.9637131657613052,0.9639903780138914,0.9642834968586639,0.9645698674521992,0.9648726266558637,0.9651642994467896,0.9654501880223847,0.9657355945800296,0.9660065405993374,0.9662861629416476,0.9665672313377972,0.9668531199133892,0.967118763735305,0.9673950119519986,0.9676693320969213,0.9679465443495067,0.9682411092481051,0.9685351921287587,0.9688205986864066,0.969114681567063,0.9693576705455768,0.9696078897932554,0.9698446125384839,0.9700977238938335,0.9703599935901327,0.9706256374120475,0.9708859790365678,0.9711429465354791,0.9714389574879106,0.9717267741352832,0.9720107346390973,0.9723009613761944,0.9725950442568471,0.9728756306350484,0.973158627102972,0.9734358393555622,0.9736966629980262,0.9739791774480088,0.974263619969768,0.9745422782761899,0.9748479295875168,0.9751439405399508,0.9754457357077202,0.9757460848216569,0.9760416137561455,0.9763318404932435,0.976614836961166,0.976897833429092,0.9771649233048391,0.9774455096830418,0.9777227219356274,0.977986919703707,0.9782655780101298,0.9785403801729919,0.9631249999999925,0.9634181188447484,0.9637073815459679,0.9639826657267778,0.9642516836743096,0.9645255218012814,0.9648075542333223,0.9650799463064575,0.9653518563616557,0.9656430471346357,0.9659135111359984,0.9661810830296921,0.9664452807977717,0.9667114066376312,0.9669823526569387,0.9672436583173448,0.967510266175152,0.9677696437637808,0.9680275752985792,0.9682888809589921,0.9685660932115755,0.9688259528181541,0.9690665317069417,0.9693061465598372,0.9695457614127343,0.9697954986424715,0.9700611424643854,0.9703161818915159,0.9705596528879663,0.9708171024048214,0.9710933506215197,0.9713749010356107,0.9716516312702534,0.9719298075587316,0.9722316027265017,0.9725097790149794,0.9727985596982376,0.9730931245968396,0.9733746750109286,0.9736461030481823,0.9739319916237756,0.9742087218584183,0.9744965385057901,0.9747882112967199,0.975075063908201,0.9753517941428459,0.9756261142877639,0.9759148949710286,0.9761978914389539,0.9764861901042712,0.9767725606978077,0.9770415786453349,0.9773139707184735,0.9775680461097132,0.9778606829365338,0.9781417513326789
sdg3_traffic,0.9744285714285748,0.9740338066308208,0.9737591193629853,0.9734754395048107,0.9731928175984518,0.9729091377402729,0.9726376243278648,0.9723851540479655,0.9721459081656324,0.97190507535558,0.9716467863407469,0.9713578167235533,0.9710635573473262,0.9707756456819243,0.9704813863056978,0.9702003513270481,0.9699108527339371,0.9696171223336103,0.9693371453067651,0.9690651029184588,0.9687819520361813,0.9684966852503023,0.9681749191271349,0.9678531530039565,0.967544611278347,0.9672186133479579,0.9669217090922179,0.9666057617039661,0.9662845245566959,0.9659791566865147,0.9657018245391777,0.9654250213677364,0.9651397545818582,0.9648708860489712,0.9645909090221142,0.9643426705494269,0.9640965479803614,0.9638334981824025,0.963564629649503,0.9632809497913329,0.9630131392102498,0.9627331621833966,0.9624769890721667,0.96221975800914,0.9619889757412533,0.9617608383528726,0.9614898539163672,0.9612268041184097,0.9609558196819069,0.9606948857875526,0.9604101479775751,0.9601317578784373,0.9598501939238736,0.9595628112343807,0.9592918267978776,0.9590229582649901,0.9744285714285748,0.9740301037995015,0.9737384893027751,0.973460099203629,0.9731563182611578,0.9728678776198527,0.9725857846893895,0.9723036917589291,0.9720231857561809,0.9717384479461924,0.9714394277868423,0.9711340599166619,0.9708387425886298,0.9705349616461424,0.9702274778723472,0.9699236969298756,0.9696209739391926,0.9693055555268534,0.9690128830783388,0.9687043413527378,0.9683873360126796,0.9680809101906895,0.9677348111759928,0.9673897701130891,0.9670531926646303,0.9667160862402823,0.9663937911412072,0.9660773147770534,0.9657798815454097,0.9654575864463399,0.9651564503833746,0.9648521404649858,0.9645631708477886,0.9642630927366376,0.9639857605892904,0.9637205948877167,0.9634464365958023,0.9631722783038824,0.9628949461565388,0.9625985708766995,0.9623101302354095,0.9620243344736228,0.9617491182298928,0.9614511560223497,0.9611664182123759,0.9608874991373233,0.9606080510863721,0.9603238422523039,0.9600449231772573,0.959759656391373,0.9594458249067429,0.9591531524582273,0.9588631248892182,0.9585540541877104,0.9582719612572493,0.9579983319412357
sdg3_u5mort,0.8308695652173996,0.8330632852960412,0.8350893656916062,0.8371484243854648,0.8392157276539209,0.8412912754969586,0.8434300317450673,0.8456457373559376,0.8478889248820495,0.8501128750674997,0.8523230842952991,0.854536041714637,0.8567489991339632,0.8589647047448259,0.8610375043963344,0.8631845052190352,0.8653012759349572,0.8674812550559758,0.8696117667295287,0.8718631988302241,0.874040429759717,0.8763083510095788,0.8782657266169803,0.8802478359481228,0.8822107079385713,0.884170831737507,0.8862793578788445,0.8883549057218757,0.8904304535648994,0.892519742365556,0.894738196167946,0.8970033692262752,0.8992465567523996,0.901486996086988,0.9037686582944784,0.9060200903951751,0.9082248032399315,0.9104542498084248,0.9126259843548635,0.9148114598589387,0.9170216690867445,0.9191934036331891,0.9215107923305089,0.9238226846447833,0.9261565624912709,0.9284739511885971,0.9307391242469237,0.9330152900713566,0.9352364920652706,0.9375181542727559,0.9397118743514081,0.9418781125147943,0.9439976314222402,0.9461693659686841,0.9483356041320744,0.9505430651683558,0.8308695652173996,0.8330632852960402,0.8350646319678703,0.8371401798108883,0.8392239722284981,0.8413270019867977,0.8435097292993243,0.8456814638457756,0.8478367092430544,0.8500551630454498,0.8522049120596773,0.8543051936264423,0.8564219643423561,0.8585387350582772,0.8606170310928354,0.8627365500002785,0.8648340833755164,0.8669645950490662,0.8690373947005702,0.8711294316927534,0.8732187204934069,0.875351980358487,0.8772653849014741,0.8791623002953062,0.8810757048382846,0.8829259009761737,0.8849794632869923,0.887008291874076,0.889108573440838,0.891233588731333,0.8933943305116744,0.8955550722920117,0.8976965767316688,0.899813347447585,0.9020290530584449,0.9043134634574581,0.9065648955581568,0.9088328168080133,0.9110705079510801,0.9132752207958368,0.9154826818321197,0.9176434236124585,0.9197876762436346,0.9219896408968631,0.9241833609755151,0.9263853256287462,0.9285708011328153,0.9307700175945174,0.9329609894816433,0.9351602059433475,0.9372742284677413,0.9393882509921326,0.9414775397927908,0.943594310508711,0.9457880305873626,0.9479707578999061
sdg3_vac,0.9800000000000123,0.9801750152706202,0.9803511439870516,0.9805311697635898,0.980711752263045,0.9808878809794352,0.981074587430563,0.9812707581706478,0.9814658154649711,0.9816619862050533,0.9818358880299334,0.9820164705293702,0.982204290426255,0.9823726250223298,0.982547083570088,0.9827176450576861,0.982877072087679,0.9830520873583184,0.9832343400263985,0.9834199330317586,0.9835988453625595,0.9837727471874362,0.9839410817835159,0.9841110865482299,0.9842710703011076,0.9844126821989364,0.9845765630119745,0.9847499081139706,0.9849121187583687,0.9850804533544459,0.9852649329140463,0.9854510826422913,0.9856283248044472,0.9858128043640508,0.9860156557786941,0.98620458912134,0.9863951926326204,0.9865780020235824,0.9867741727636649,0.9869503014800654,0.9871236465820615,0.9873187038763871,0.9875215552910299,0.9877227365370375,0.9879428463609651,0.9881507082815343,0.9883502193588978,0.98853692581002,0.9887381070560259,0.9889309374588283,0.9891092930667478,0.9892965562407497,0.9894804790774698,0.9896493703964313,0.98983329323315,0.9900277938045953,0.9800000000000123,0.9801622106443769,0.9803444633124896,0.9805183651373459,0.9806783488902372,0.9808489103778238,0.9810328332145539,0.9812161993283931,0.9814001221651162,0.9815812613874335,0.9817562766580729,0.9819229410855095,0.9820890487900639,0.9822629506149438,0.9824301717652588,0.9825940525782954,0.9827635006201311,0.9829340621077292,0.9831035101495665,0.9832556997821184,0.9834385091730787,0.9836029467089958,0.9837473422212272,0.9838984184080185,0.9840455975346517,0.9841894363240006,0.984331048221833,0.98450383660095,0.9846766249800695,0.984841062515986,0.9850055000519014,0.9851894228886259,0.985364438159262,0.9855311025867017,0.9857122418090186,0.9859178768380686,0.9860895517714235,0.9862740313310256,0.9864440360957416,0.9866134841375803,0.9867935099141384,0.98697297896782,0.9871569018045391,0.9873241229548565,0.9875041487314169,0.9876802774478154,0.987853622549813,0.9880347617721345,0.9882142308258137,0.9883925864337356,0.9885648180899721,0.9887331526860484,0.9889137351854891,0.9890781727214073,0.9892615388352485,0.9894359973830066
sdg4_primary,0.9787999999999853,0.9789220822104617,0.9790687608683468,0.9792154395262611,0.9793630180541998,0.9795099966687781,0.9796032830382981,0.979703768368044,0.9798003542610008,0.9799032392441657,0.9800181224943726,0.9801315059612072,0.9802319912909571,0.9803456747144638,0.9804497595243277,0.9805586436410182,0.9806639282775849,0.9807743121776524,0.98087839698752,0.9809872811042096,0.9810916658707451,0.9811900515037625,0.9812698398228431,0.9813505280119512,0.9814363154645588,0.9815203031771095,0.9816183888534493,0.981711975179638,0.9818145602061232,0.9819123459257872,0.9820287289593789,0.9821406126428307,0.9822629948099534,0.9823736786667004,0.9824897617436166,0.9826148435208275,0.9827435247781542,0.9828608076817762,0.9829978877260411,0.9831238693732809,0.983247151410434,0.9833713333176115,0.9834997146182642,0.9836376945325561,0.9837777741435818,0.9839094549676703,0.9840447352718782,0.9841773159659971,0.9843029976565563,0.9844328787405902,0.9845540610810072,0.9846833422516839,0.9848084240288938,0.9849446042031316,0.9850990817346208,0.985266757359872,0.9787999999999853,0.9788842876692402,0.9789841730856125,0.9790840585020233,0.979173145478065,0.979264932064201,0.9793576185203656,0.9794560041533765,0.9795561895264508,0.979656074942853,0.9797439620921868,0.97983544872165,0.9799269353511071,0.9800175221105347,0.9801033095631417,0.9801848976222827,0.980268285421479,0.9803621717043463,0.9804539582904828,0.9805376460463581,0.9806273329357524,0.9807110206916296,0.9807863096605666,0.9808702973731118,0.9809506856055462,0.9810160760041647,0.9811027633268011,0.9811945499129329,0.9812830369756292,0.9813760233884699,0.9814702096280132,0.9815562970372973,0.9816582821504314,0.9817599673068838,0.9818709511203046,0.9819792353236383,0.9820914189637672,0.9822039025605684,0.9823148863739884,0.9824237704906779,0.9825305549106307,0.982632839980434,0.9827405242704184,0.9828467087770175,0.982956192807055,0.9830611774869487,0.9831682618635798,0.9832735465001519,0.983374331786574,0.9834826159899085,0.9835801017528953,0.9836769876025244,0.9837819722824203,0.9838833574821987,0.9839829429419191,0.9840942267120142
sdg4_second,0.6048940920590463,0.6065528010338235,0.6089054142442588,0.6113004495476809,0.6135712487215815,0.6158965905864987,0.6177098371858125,0.6195382345326251,0.6213817826269391,0.6231435166847314,0.6250779692640637,0.6270730248334103,0.6290923215987643,0.6310388947761005,0.6329642569069337,0.6349290109812744,0.6368452826636005,0.6387857955419349,0.6406990370747665,0.6425547057670813,0.6444709774494131,0.6464205807762483,0.64793384257499,0.6495561897557571,0.6511209640960122,0.6526524067917602,0.6545444372780844,0.6564243471664073,0.658313347503229,0.6602599206805647,0.6622943681934206,0.664265182566761,0.6662875094816135,0.6683340775924724,0.6703351934608207,0.672321158581663,0.6743192443005102,0.676341571215363,0.6783941996252224,0.6804165265400739,0.6824873358469372,0.6845187532102913,0.6866259243111608,0.6886846130200215,0.6908039047188954,0.692895925072261,0.6949182519871155,0.6970072421909815,0.6991113831423503,0.7012064336452172,0.7032954238490857,0.705445017042965,0.7076158212833489,0.7097139019357186,0.7121028769401484,0.7143888268615551,0.6048940920590463,0.6058225350041664,0.607681233845994,0.6093884252127666,0.6111168276260576,0.6129058330293629,0.6146857479841678,0.6164353614439589,0.6181637638572467,0.6199467089615445,0.6216508701788295,0.6234338152831334,0.62519554934093,0.6269481929502227,0.6286281129715038,0.6303231837402862,0.632078857499079,0.63376180766986,0.6354447578406393,0.6371186175629174,0.638889442069216,0.6405996635855008,0.6420795937397358,0.6436352776314884,0.6451849012242412,0.6467557358634964,0.6484871684262844,0.6501882994940708,0.6518439783193438,0.6534754159486111,0.6552644213519146,0.6570231252602106,0.6588515226070203,0.6605738647213089,0.6625204378986457,0.6643942874879643,0.6662075340872724,0.6681419866666066,0.6699855347609195,0.6717654497157204,0.673621118408037,0.6754737569508519,0.6773263954936684,0.6791032802989697,0.6809074364497743,0.6827267433480821,0.6845793818908986,0.6864168696862133,0.6882998097240336,0.6900766945293338,0.6918111572416243,0.6936122832429287,0.6954346202907393,0.6972387764415455,0.699152017974373,0.7010319278626944
sdg5_edat,0.6285037037037006,0.6285480617105696,0.6292624124541975,0.6299604467841434,0.6306707184243544,0.6313758911852847,0.6320902419289182,0.6328056124483994,0.6335230225195877,0.634261847883746,0.6349558031102703,0.6356548572160735,0.6363916430285176,0.6371172113065496,0.637826463170905,0.6385448930179528,0.639273520623551,0.6399960295740253,0.6406981430073936,0.6414135135268747,0.6421482597876067,0.642852412772684,0.6435575855336195,0.6442760153806667,0.6449995441069899,0.6456975784369415,0.6464353840252371,0.6471640116308354,0.6478895799088702,0.6486222866178896,0.6493743690681568,0.6501254317425667,0.650890771278948,0.6516183791086937,0.6523643429038295,0.6530542190269378,0.6537379764949146,0.6544390701524289,0.6551391440340878,0.6558432970191642,0.6565566279869394,0.6572842358166844,0.6580301996118209,0.6587782029586664,0.6595323249606411,0.6602752294282129,0.6610038570338145,0.6617447219496738,0.6624855868655365,0.6632295111089587,0.6639611980421231,0.6647193991475207,0.6654694420460757,0.6662113267377915,0.6669827849293046,0.6677001950004983,0.6285037037037006,0.6285490814864256,0.629288926626428,0.6300042971459098,0.6307094699068478,0.6314289195297478,0.6321493889285096,0.6328555814652967,0.6335668728813552,0.6342832631767021,0.6349680404205307,0.6357017669054064,0.6364303945110102,0.6371539232373321,0.6378621553258323,0.6385785456211692,0.6392990150199266,0.6400154053152718,0.6407287362830452,0.6414441068025252,0.6421778332874042,0.6428819862724812,0.6435973567919648,0.6443341426044051,0.6450576713307284,0.6457730418502147,0.6465230847487714,0.6472710880956148,0.6479895179426657,0.6487140664448448,0.6494273974126177,0.6501488865872332,0.6508836328479626,0.651617359332839,0.6523582242487002,0.6530899111818637,0.6538124201323335,0.6545461466172086,0.6552676357918243,0.6560227775696537,0.6567575238303835,0.6574932898669698,0.6582076406105999,0.6589332088886328,0.659694469321595,0.6604241167030509,0.6611384674466795,0.6618650555005703,0.6625763469166343,0.6633049745222322,0.6640234043692829,0.664753051750736,0.6654633233909458,0.6661725752552994,0.6669205786021454,0.6676624632938634
sdg5_lfpr,0.49719811320755614,0.49884777940648345,0.49952745553652234,0.5001541920677357,0.5008253295528055,0.5015118365988256,0.5021436963170227,0.5027806792222009,0.5034125389403976,0.5039982899757437,0.5045959951140535,0.5051937002523628,0.5058443449894973,0.5064847433526676,0.5071388035477954,0.5078133564908573,0.5084879094339184,0.5091949092278738,0.5098558003389777,0.5105115682630966,0.5111229352333607,0.5117582104095474,0.5123798237537778,0.5131039008376802,0.5138262701925874,0.5145640091084442,0.5152812552763685,0.5159694700513839,0.5167123321542251,0.5174466556120937,0.5181690249670003,0.5187803919372638,0.5194037130104884,0.5199792176718668,0.5205649687072116,0.5211558429295412,0.5217415939648873,0.5223478377481672,0.5229523738024529,0.5235415402957888,0.5241392454340955,0.5247642742363157,0.5254029648704904,0.5259357763070069,0.5264856650334677,0.5270338460309344,0.5275615342804674,0.528195101727658,0.5287688986600433,0.5294246665841634,0.5300155408064929,0.5306730164596081,0.5313458616736743,0.5319999218688014,0.5326369047739824,0.5332824263241358,0.49719811320755614,0.49884777940648345,0.49951379370456594,0.5002071316665656,0.5008611918616903,0.5015289138887711,0.5022000513738415,0.5028353265500254,0.5034125389403975,0.5040119518077002,0.504592579656064,0.5052227316452697,0.5059160696072666,0.5065632988864155,0.5072241899975213,0.5078697115476758,0.5085118176398412,0.509152216003011,0.5097960298241689,0.5104552132062775,0.5110819497374923,0.511770164512509,0.5124430097265742,0.5132166109513174,0.5139867967180712,0.5147484438398513,0.5154554436338077,0.5161009651839605,0.5167413635471304,0.5174329937801371,0.518087053975264,0.5187633146473187,0.519390051178533,0.5200406959156698,0.5206332778669922,0.5212121979863604,0.5217877026477388,0.5223375913741999,0.5228806491846836,0.5234646924910356,0.5241033831252102,0.5247659819653092,0.5253756412065781,0.5259767618028748,0.526579590128166,0.5271670488925071,0.5277732926757873,0.5283897828330332,0.5289926111583242,0.5295903162966311,0.5302341301177909,0.5308642821069934,0.5315354195920653,0.5321860643292029,0.5328042622154445,0.5333695205028568
sdg5_parl,0.09230769230769419,0.09232528936939641,0.09258264639769406,0.09271902362633125,0.09285100158953206,0.09298187973636726,0.09311495751592762,0.09321064153922798,0.09333052152245995,0.09345040150569361,0.09355158461079494,0.09365496734862193,0.09378364586273621,0.09392112290773875,0.09403660362552746,0.09415758342512114,0.0942873617555973,0.09441384063699239,0.09454361896747061,0.09467119766522485,0.09479987617934314,0.09493515359162032,0.09504073596216799,0.0951925106198536,0.09535088417570414,0.09549605993522862,0.09562693808206499,0.0957677145761485,0.09590739125386816,0.09605146719703346,0.09620654130380002,0.09634071889972012,0.09647379667927808,0.09660027556067337,0.09672785425843,0.09684993387438223,0.09693901899952166,0.09701380651197143,0.09710399145347144,0.09721507290581903,0.09734155178721458,0.09746583103588947,0.09760440789724927,0.09772978696228554,0.09785406621095827,0.09797834545963396,0.09808832709562068,0.09820930689521411,0.09833798540933054,0.09846996337252788,0.09860414096844733,0.09872952003348136,0.0988669970784829,0.09901437247072692,0.0991628476793331,0.09925853170263409,0.09230769230769419,0.09232528936939642,0.09257054841772851,0.09273442105537834,0.09290049332575481,0.0930544676161607,0.09319524411024466,0.09333932005340725,0.09348119636384951,0.093609874877967,0.0937308546775577,0.09384413576262897,0.09398931152215102,0.09412458893443255,0.09425986634671031,0.09438744504446718,0.09451832319130377,0.09466239913446711,0.0948075748939921,0.09494065267354909,0.09507483026946986,0.09521560676354975,0.09536408197215718,0.09554335203885522,0.0957094243092296,0.0958787960286848,0.09604816774813923,0.09619994240582758,0.09636491485983906,0.09651009061936493,0.09666296509341037,0.09679494305660964,0.09692032212164386,0.09706329824844685,0.0972084740079716,0.09732395472576075,0.09744603434171528,0.09754501781409633,0.0976626981646091,0.09777048016787503,0.0978947594165497,0.09801683903250341,0.09814551754661871,0.0982620980807708,0.09840507420757229,0.0985150558435613,0.09862613729590866,0.09873611893189699,0.09887579560961836,0.09898907669468718,0.09909575888159378,0.09923983482475658,0.09936301425707142,0.09948289424030289,0.0996181716525832,0.09973255255401248
sdg6_sanita,0.7380500000000069,0.7421084707890477,0.7460385731453366,0.750086774459764,0.7541349757742014,0.7582037160378915,0.7624573068447711,0.766834131347128,0.7712777074345153,0.7757469572084665,0.7801186469735047,0.7841925219745007,0.7882561275008729,0.7922683856541315,0.7962652395954568,0.8002569587994617,0.8042692169527141,0.8083328224790884,0.8122372511488117,0.8160646587588694,0.8199896263778379,0.8238786508356185,0.8274390521054961,0.8309635102141857,0.834262039881187,0.8376324558705529,0.8412544739881574,0.845051073174346,0.8488168639366669,0.8526596757586501,0.8564716791567737,0.8603607036145621,0.86407514700377,0.8678512072407158,0.8725720591429165,0.8772929110451159,0.8820548408458042,0.8868116359091813,0.8907468730027718,0.894748861681409,0.8987765240465994,0.9026860874536315,0.9067959056158034,0.910726007972078,0.9146971882268439,0.918694042168172,0.9225419887274682,0.926420743710636,0.9304792144996973,0.9344093168559687,0.9382315897287148,0.9421052099745696,0.9459890996950461,0.9494751152732254,0.9535368225813835,0.9572564544484852,0.7380500000000069,0.7419133507712236,0.745668872058933,0.749403854397378,0.7531799146343203,0.7570689390921184,0.7609271551260377,0.7649496827539206,0.7689670756444834,0.7730871632812735,0.776827280357037,0.7805776669074274,0.7844307482040401,0.7882016737036727,0.7918493655078368,0.7955997520582185,0.7993244649220459,0.803049177785881,0.8068406422347566,0.8106423761582575,0.814346550072845,0.8180918018859152,0.8213954662902344,0.8245502233125195,0.8278128098183412,0.8310548573749258,0.8346512018059754,0.8383348367713157,0.8419055075158137,0.8455377951080392,0.8494011458792731,0.8531207240057941,0.8569019189800449,0.8607395960647259,0.8647569889552952,0.8688257292189707,0.8729509515930757,0.8769837486955758,0.8809497942130315,0.8848696270946899,0.8887227083913012,0.8927298318072452,0.8966856078500804,0.9006054407317341,0.9045304083507001,0.9085375317666494,0.9125857330810819,0.9164388143776945,0.9203483777847297,0.9243246927768057,0.9280802140645046,0.9317433100806024,0.9353807324101399,0.9388856063723015,0.9423641035105993,0.9457366808744719
sdg6_scarcew,0.9696213592233092,0.9692577818593674,0.9690223362585785,0.9687695755546614,0.9685104659795984,0.9682415445127641,0.9679789719170755,0.9677342915946212,0.9675051948649837,0.9672691720940961,0.9670181429005067,0.9667417182223195,0.9664618305235055,0.9661934862267766,0.9659101355073356,0.965615818555914,0.9653295819859515,0.9650375737149456,0.9647455654439396,0.9644397050904351,0.9641396164379693,0.9638401049556077,0.9635030774164686,0.9631660498773291,0.9628446059310064,0.9625208533042665,0.9622097984198211,0.9618872001332883,0.961562870336449,0.9612385405396048,0.9609297943355743,0.9605944983067481,0.9602874836130313,0.9599845091100442,0.9598408335558392,0.9597242849965357,0.959609467947546,0.959484261836682,0.9591934079058878,0.9588817758513355,0.9585764926679331,0.9582579345721308,0.9579786240434212,0.9576819984115817,0.9573888358003672,0.957092210168527,0.9567944301964827,0.9565041534357924,0.9562023332730142,0.9559010902803393,0.9555773376535993,0.9552668599392586,0.9549592680754377,0.9546562935724509,0.954521852739914,0.9543833717166498,0.9696213592233092,0.9691983333386254,0.9689034392170944,0.9686062364151472,0.9683026847420548,0.9679933613679199,0.9677048161175388,0.9674191567176816,0.9671150278744892,0.9668212880931736,0.9665073473582202,0.9661986011541911,0.9658887006099544,0.9655770685554033,0.9652585104596019,0.9649387980235911,0.9646225486082046,0.9642889840896901,0.9639808150557634,0.9636593711094434,0.9633471618847871,0.9630464960622175,0.9626909990797408,0.9623533943704986,0.9620175211715684,0.9616654872097179,0.9613521236448541,0.9610243308273826,0.9606913434789806,0.9603727853831784,0.9600559587976877,0.9597425952328238,0.9594223056267098,0.9591193311237228,0.9588319402135514,0.9585474351539022,0.9582710104757124,0.957974384843877,0.9576696788305789,0.9573649728172805,0.9570695015256498,0.9567722987237056,0.9564699013908237,0.956170389908463,0.9558610665343285,0.9555632865622798,0.9552453056365857,0.9549429083037052,0.9546497456924918,0.954339845148253,0.9540160925215131,0.9536981115958154,0.9533980229433495,0.9530979342908845,0.9527857250662288,0.9524931396251232
sdg6_water,0.9249700000000065,0.9260117920851894,0.9270962194419451,0.9281863315015915,0.9292792859126793,0.9303836097295206,0.9315135147093462,0.932651946743459,0.9337903787775919,0.9349202837573848,0.9360260287499507,0.9371232466881995,0.9382389399107998,0.9393390002005051,0.9404021099214783,0.941456692588133,0.9425254870119767,0.9435843332057899,0.9446190194123679,0.9456409150374611,0.9466926553526905,0.947738710965023,0.9486497548839797,0.9495835376144492,0.9504960027091199,0.9514113101552347,0.9523848858058556,0.9533641461593706,0.9543490912157573,0.9553482480293373,0.9563786707087554,0.9573963028066903,0.9584110925531923,0.9593931952581402,0.9606652178099239,0.9619372403617088,0.9632121052649312,0.9644883913438765,0.9655571857677248,0.9666188743129793,0.9676649299253183,0.9686953526047355,0.9697314599870349,0.9707959908837263,0.9718619429561387,0.9729421067857454,0.9739952682766817,0.9750242697803861,0.9760816947984765,0.9771263292350965,0.9781297495758339,0.979130327565138,0.9801294843787162,0.9811513800038164,0.9824020849198078,0.9836655804172705,0.9249700000000065,0.9259350485963201,0.9269455748156457,0.927963206913584,0.9289552578485655,0.9299757322979404,0.9310146820316954,0.9320507894139827,0.933136637946483,0.9342196441275239,0.9352287491711448,0.9362520659719624,0.937281067475657,0.938283066640692,0.9392950140357504,0.9403069614308134,0.9413174876501463,0.9423521738567235,0.9433754906575419,0.944394543931197,0.9454263877863484,0.9464298081270864,0.9473181132345252,0.9482121030448407,0.9491302528423915,0.9499816073811157,0.9509892912490112,0.9519799210082831,0.9529634448889489,0.9539398628910134,0.9549574949889523,0.9559964447226852,0.9570524485650623,0.9580786077173236,0.9591488233168957,0.9602218812679076,0.9612977815703574,0.9623907359814486,0.9634453186481,0.9645027436661947,0.9655402722242143,0.9665820643093911,0.9676565434361263,0.9687097049270582,0.9697841840537909,0.9708586631805174,0.9718961917385345,0.9729578802837938,0.9740224111804853,0.9750912056043411,0.9761329976895129,0.9771733685989704,0.9781924218726281,0.9792072116191285,0.9802518460557478,0.9813220616553184
sdg7_cleanfuel,0.32179999999999714,0.33506098028062337,0.34527093088562105,0.35584700505169875,0.36677394763047544,0.37779242109950634,0.3898940101033992,0.401721006436484,0.4131513689117252,0.4246427519804934,0.43337295319281666,0.44309473904971075,0.45324366906120217,0.4630112203632382,0.4729160680006723,0.48338535612810346,0.49390040970066673,0.5044764838667377,0.5145796484330936,0.5250336814121432,0.5355334798363272,0.5460180231121331,0.5553889405563376,0.5644242447362208,0.5730324047615191,0.5818083714189765,0.5908284204504815,0.600611226900895,0.6103330127577948,0.6198717368341587,0.6302037286261819,0.6396051563671425,0.6487930120308071,0.6583164809587929,0.6685264315637941,0.6776380114855678,0.6861241303238398,0.6951289242069681,0.7071694926173431,0.7198660324079786,0.7325930824953688,0.7451675810989766,0.7583980510828441,0.7710945908734799,0.7838674064060039,0.7965190498256358,0.8050293228917275,0.8145133091010069,0.8233327504098844,0.8319449880031857,0.8404341869115476,0.8483675363769878,0.8557175990559225,0.8622004920892241,0.868777342347214,0.8748467022576424,0.32179999999999714,0.3345728155325236,0.3438216917896995,0.35308582319525933,0.3629906708327001,0.3729107736185073,0.3834563374878327,0.3932391439382465,0.403967769588097,0.4141319547479688,0.4239910369402696,0.4340636912098639,0.4442888969632449,0.4542242548974386,0.4638697650124471,0.4737898677982654,0.48416762503542266,0.49369109396340627,0.5029857356657212,0.5128143075612664,0.5229327272759993,0.5325477270942521,0.541674562164406,0.5510149693118517,0.5598672117112007,0.5691771085618907,0.578914149567167,0.5883460876048859,0.5979915977198944,0.6076981284284159,0.617252107653158,0.6272027207357284,0.6369092514442518,0.6466310373011515,0.656993539389932,0.6666695598016985,0.6763150699167071,0.6860063454768506,0.6955298144048375,0.7053431311520056,0.7146072625575622,0.7240392005952784,0.7337914967489338,0.7433454759736753,0.7530367515338207,0.7627063581782987,0.7723721862148238,0.7820040989285826,0.790919600796044,0.8004783898428262,0.8092206863356817,0.8177345025855606,0.8258962077666647,0.8336970357231783,0.8416010021512458,0.848966511334839
sdg7_elecac,0.837999999999992,0.8411236179143845,0.8442512768226738,0.8471970910062392,0.8501873561225127,0.8532544001225526,0.856640682639326,0.8601401129848169,0.8636435843241812,0.8672682854800501,0.8698908201529885,0.8724769858809777,0.8749459627863707,0.8774432266489406,0.8799606954809209,0.8824417953679563,0.8849794691693478,0.8873918721603768,0.8899255049678868,0.8925076297019963,0.89501701654621,0.8975748953170214,0.8997892896077955,0.9019107410392645,0.9040523974401483,0.9061374799266726,0.9084973499972245,0.9109299579576641,0.9133746888997551,0.9157426409580756,0.9182560687961757,0.9208301115425173,0.9234809331726306,0.9260994268516817,0.9288714782982764,0.9316718167020507,0.9345489339896007,0.9373896823322033,0.9410749983963077,0.9447239455154691,0.9483648106468634,0.9519225092439082,0.9553621166609286,0.9587264401435182,0.9619235961053747,0.9649476746873583,0.9668994830352289,0.9686780501202393,0.9704340733843704,0.9719992612473299,0.9734920389863697,0.9749784260486904,0.9762247013297368,0.9775996472058714,0.9787602538696625,0.9799028889878226,0.837999999999992,0.8407114365383415,0.8434713650032992,0.8460009568169382,0.8485669175755185,0.8512056162239837,0.8538726018296201,0.856491095508661,0.8591984910531288,0.861942255542552,0.8644960933194825,0.8670499310964107,0.8695391129712124,0.8720646637909591,0.874489189763635,0.8770753554916253,0.8794837174887723,0.8820213912901657,0.8845954340365018,0.8870765339235396,0.889573797786107,0.892099348605856,0.8942975789210997,0.8963220464993827,0.8983788420287262,0.9004962524663118,0.9027955076286225,0.9052038696257667,0.9077213384577492,0.9101135364793664,0.9125825133847547,0.9152171710393358,0.9178558696878023,0.9203733385197839,0.9230403241254257,0.9259012774374431,0.9287703127372278,0.9316070200859483,0.9341972268078184,0.9368642124134638,0.9394988700680463,0.9420070835839147,0.9445741585793931,0.9470953696420115,0.949548825813855,0.9519661490502714,0.954132369559446,0.9563238816336875,0.9583428711033025,0.9604432812048939,0.9622139246762927,0.9638740248188155,0.9655577045767294,0.9670655980359527,0.9686891087571885,0.9702073221280764
sdg8_gdpgrowth,0.5961452598008803,0.5977270336037906,0.5992601478848404,0.6007770423252703,0.6022031056582349,0.6036940483536837,0.6052401385072396,0.6067245932664365,0.6083031231012338,0.6098881408722766,0.6113304240458592,0.612798658964431,0.6143512370542289,0.6159362548252708,0.6174174656163434,0.6190187032280067,0.6206166968715467,0.6222276663875812,0.623764024636762,0.6253814820890418,0.6269340601788417,0.6284606865236474,0.6299970447728275,0.6314652796914055,0.6329951500043401,0.6346223393609915,0.63620411316391,0.6377534472855888,0.6393384650566304,0.6408748233058097,0.6425247204393304,0.644122714082865,0.6455844610651919,0.6471143313781257,0.6486604215316807,0.6503687100914359,0.6519504838943546,0.6534154748448069,0.654981028807101,0.6565660465781415,0.6582126997435381,0.6598106933870762,0.6613957111581178,0.6629482892479198,0.6646306260626813,0.6662772792280797,0.6678914927122381,0.6694992182601447,0.6711750671386577,0.6727665728459458,0.6744099820432199,0.676040415367998,0.6777130202783889,0.6794018450293977,0.6809803748641916,0.6826172961252162,0.5961452598008803,0.5977692051894029,0.599331515183569,0.6008613854964948,0.6023750359688066,0.6038821985048771,0.6054088248496872,0.6069808667482355,0.6085756164236497,0.6101379264178256,0.6117034803801213,0.6132787662467861,0.6147502451334831,0.6164196060757472,0.6179332565480611,0.6194631268609977,0.6210157049508015,0.6223833768575351,0.6240008343098141,0.6254885330371339,0.6269762317644528,0.6284931262048864,0.630149511274656,0.6317020893644592,0.6332676433267573,0.6347391222134572,0.6363144080801267,0.6378669861699297,0.6394001004509852,0.6410499975845055,0.642664211068663,0.6442751805846936,0.645808294865748,0.6474744118398914,0.6491210650052921,0.6506833749994657,0.6522554168980118,0.6538566545096728,0.6554546481532071,0.6571045452867279,0.6588031019421087,0.6603946076493982,0.662057480655417,0.6636100587452198,0.665217784293129,0.6668579495222788,0.6685208225282963,0.6701901834705598,0.671752493464732,0.6733148034589047,0.6749906523374186,0.6766145977259497,0.678352081998821,0.6799760273873486,0.6816453883296136,0.6832855535587622
sdg8_impacc,0.9610909090909006,0.9608380110387629,0.9607098230857309,0.9605526327840826,0.9604018229991176,0.960249273073254,0.9600990433352646,0.959950843761695,0.9598067045169163,0.9596495142152672,0.9594833331855278,0.959305841239836,0.9591385001161503,0.958968838804588,0.9588171589491651,0.9586643189998135,0.958517279520173,0.9583670497821944,0.9582185601851271,0.9580686204706341,0.9579154904977837,0.9577629405719147,0.957577908015565,0.957401576163811,0.9572261143825126,0.9570532628125961,0.956884181547998,0.9567040793909213,0.9565309377975139,0.9563575061806243,0.9561805942818948,0.9559938215846315,0.9558113992396614,0.9556260766598307,0.9554944084249737,0.9553813016932451,0.9552725453138103,0.9551588585351101,0.9549880371295952,0.9548186658415139,0.9546432040602163,0.9544755729130524,0.9543789975200457,0.9542690810466669,0.9541733757241215,0.954075930260656,0.9538937979391728,0.953723846604117,0.953538234000797,0.9533540715149129,0.9532076120822505,0.9530750737769349,0.9529419554246478,0.9528117373072248,0.9526400458312511,0.9524700944961961,0.9610909090909006,0.9608333706629807,0.9606776304787477,0.9605091292611303,0.9603316373154176,0.9601541453697272,0.9599824538937476,0.9598006115957614,0.9596222495795909,0.9594334467179287,0.9592423236683643,0.9590578711589988,0.9588789290958557,0.9586962167274082,0.9585178547112424,0.9583293418730671,0.9581411190583634,0.9579601468308329,0.9577823648616411,0.9575897916946522,0.9574059192322512,0.957223496887286,0.9570262833445078,0.9568351602949522,0.9566509978090629,0.9564627749943683,0.9562733920857228,0.9560793688013026,0.9558908559631198,0.9557081435946657,0.9555257212496948,0.9553386585289435,0.9551597164658127,0.9549743938859809,0.9547971919637667,0.9546176698536605,0.9544369876496084,0.9542621059152866,0.9540657624429736,0.9538845001919499,0.9536977274946815,0.9535179153610911,0.9533331728282345,0.9531466901544561,0.9529625276685691,0.9527827155349757,0.9525985530490908,0.9524213511268771,0.9522470494395258,0.9520620168831773,0.9518708938336197,0.951691371723513,0.951504309002764,0.9513218866577938,0.9511397543363149,0.9509524015920776
sdg8_unemp,0.9507499999999939,0.9489633580806804,0.9469764418520504,0.9449791666074431,0.9429370022935089,0.940977710107553,0.9389493578149529,0.9368312273837129,0.9348304991337709,0.9328677539424838,0.9307979655858891,0.9287799723092829,0.9267896030753315,0.9247198147187402,0.9226880094208102,0.9206665631388663,0.918527714675629,0.9164751913457053,0.9144951811277526,0.9124633758298167,0.9104557415692074,0.9085206204205786,0.9065785932612881,0.9044984458886995,0.9024735466014304,0.9004175702661708,0.8983270638775841,0.8962745405476535,0.8941840341590662,0.8921107927971402,0.8901653126325169,0.888209473451896,0.8861189670633063,0.884073349744043,0.8821071515474262,0.880134047340141,0.8781713021488555,0.8763259591388706,0.8744564450915603,0.8724798878789431,0.8704618946023381,0.8684680723630614,0.8664431730757908,0.8644286328045215,0.8624624346078984,0.8604720653739528,0.858509320182666,0.8566087290873636,0.854708137992062,0.8528420769500812,0.8508448017054713,0.8489407576048386,0.847026354488206,0.8451810114782222,0.8431664712069492,0.8413522052449562,0.9507499999999939,0.9489529990646834,0.9469280997773959,0.9449480895594506,0.942881754208189,0.9408395898942544,0.9388457676549798,0.9367828853090597,0.9346543958618153,0.9326467616012071,0.9306460333512621,0.9286211340639885,0.9266204058140434,0.9245057283881287,0.9224704700848685,0.9203626986696124,0.9183343463770138,0.9163750541910631,0.9142845478024751,0.9122769135418645,0.9102830913025847,0.9082063969353282,0.9061780446427253,0.9041151622967991,0.9021075280361941,0.9000860817542566,0.897981763344341,0.8959292400144087,0.8939043407271378,0.891900159471861,0.8898303711152686,0.8878676259239856,0.8857633075140651,0.8837763912854538,0.881765304019515,0.8798267298655548,0.8777293174663024,0.8757562132590183,0.8737554850090747,0.8716511665991581,0.8696228143065571,0.8677015051792606,0.8658009140839584,0.8638139978553461,0.8617856455627396,0.8597711052914689,0.8577980010841848,0.8557903668235749,0.8538069036002973,0.8519304835423175,0.8499366613030415,0.8480740532663973,0.8460698720111203,0.8441209388411626,0.8421063985698901,0.8401091233252782
sdg9_articles,0.0006666666666665939,0.0007552793865776839,0.0008366742885594029,0.0009211827590596686,0.0010063988587687078,0.0010896335966932105,0.001198201460291294,0.0013097413665661547,0.0014253855222518335,0.0015381991611024743,0.0016204432181347107,0.0017011304909076814,0.0017857804872497057,0.001869581328541215,0.0019538067473579648,0.002034635545972698,0.002112209250227138,0.0021917643162660955,0.002275140580032351,0.002356535482014089,0.0024372227547870655,0.0025197498635028026,0.0026056735924205885,0.0026952769932239292,0.002779219360357193,0.0028662752960089983,0.0029476701979907326,0.003030763410073479,0.0031115922086882063,0.003189590490467893,0.003274523538493429,0.0033635608359297554,0.003449626090689299,0.0035371066038663466,0.003648929561824716,0.0037625923557258606,0.003875405994576495,0.003989776417686407,0.00408475780047631,0.004178323924848698,0.0042755697211066335,0.00436970194884603,0.004469495210255501,0.0045746664536515345,0.004677997861104789,0.00478132926855806,0.004872064876095401,0.0049642157420502694,0.005053536091170113,0.005139318294246145,0.00523727171971284,0.005333243783395008,0.00542978195044419,0.005526886220860375,0.0056329066193069035,0.0057389270177534675,0.0006666666666665939,0.0007517412405338886,0.0008359666593506428,0.0009180691905411303,0.0010020115576744003,0.0010855293472824084,0.0011717361278837037,0.0012596412185860155,0.0013465556283960743,0.0014338946157313858,0.0015137327334538459,0.0015947030579103211,0.0016759564340502937,0.001759615749500053,0.0018390292896972504,0.0019215563984130014,0.0020009699386102117,0.002085619934952236,0.002164184320098935,0.0022431732827708894,0.002327257175745902,0.0024042647766333246,0.0024732054045408913,0.002544976549283503,0.00261221886709005,0.002679885762421859,0.002755336579050014,0.00283460859340547,0.002916994176279468,0.0029972568715271866,0.0030775195667748995,0.0031635848215344473,0.0032437059909404056,0.0033246763153968765,0.0034188085431362688,0.0035122331416669065,0.003604100955938271,0.0036922890983240968,0.0037824586024944418,0.0038703636931967577,0.003959400990633087,0.00404801371054416,0.004136909482138734,0.004226088305416817,0.004314984077011394,0.004401756960979696,0.004491360361783035,0.004582803598529138,0.00466971800833919,0.004759604460826032,0.0048446790346933135,0.004933857857971388,0.005019215483522176,0.005105280738281718,0.005194742613243307,0.005286893479198182
sdg9_intuse,0.022040000000000257,0.02830428537649261,0.03584372154030589,0.043084294238340565,0.05048426078479006,0.05778460617598041,0.06623059485265347,0.07477620468458723,0.08357086740466868,0.09233564377817188,0.09980534513330303,0.10731489495053777,0.1145853539951502,0.12188569938634118,0.12914619631542743,0.13630707208925458,0.143517758440711,0.15073840690769405,0.1580188280678332,0.16510996903297862,0.17216126153602043,0.17934206154089888,0.18674202808734874,0.19414199463379836,0.2013526809852559,0.2084338598348759,0.2149073496374128,0.22185902098519508,0.2287708438708737,0.23576236368076095,0.24314240599615836,0.2503929408097188,0.25795230120458323,0.2650035937076257,0.27338980969114346,0.2822641693354324,0.29128796071260915,0.3003416384363656,0.3087975892285644,0.316745472128941,0.32465350656721437,0.33255157888996073,0.3404596133282328,0.34840749622860856,0.35644503816871925,0.3643729968380444,0.37211167531237527,0.3796909599382914,0.38720050975552733,0.3947299838038152,0.40236904112288674,0.41011768171274354,0.41785636018707584,0.4257942809719257,0.4337421638723019,0.4421283798558204,0.022040000000000257,0.02819470210570726,0.0354053884571646,0.04233713557389508,0.049517935578773965,0.05667881135260114,0.0639891188593172,0.07142893386787166,0.0788986352230032,0.08642810927128997,0.09362883350722073,0.10055061850842524,0.10764175947357085,0.11486240794055445,0.12185392775044039,0.12877571275164473,0.13578715679258244,0.14273882814036515,0.14976023429682997,0.15663220872040448,0.163603804299239,0.17077464218859162,0.17712858660481784,0.18304419793790294,0.18892992292441013,0.19482561002644316,0.2012692134824025,0.208031604635192,0.2148338442500853,0.22146672790103844,0.2282291190538283,0.23566893406238118,0.24289954464488994,0.24983129176162053,0.25733087946333044,0.265059595822136,0.2728779712206745,0.2807262329657917,0.2883453660538122,0.2957353704847367,0.3031154128001346,0.3108042806968361,0.31832379262959715,0.32582338033130576,0.33334289226406766,0.3407926693881469,0.3481627495880188,0.35537343593947546,0.36307226595170344,0.3704024976894718,0.37762314615645526,0.3848437946234376,0.39211425366804975,0.3993647884816101,0.4067348686814823,0.41409498676582895
sdg9_mobuse,9.43125022023414e-06,0.0002867602967237824,0.002343619995912367,0.004049195722103382,0.005800993023688773,0.00759438974312921,0.009470985298279617,0.011273626332798846,0.01312248894271267,0.014985218025244612,0.016672305121277833,0.018313170641916725,0.02002336852564723,0.021742810724456642,0.023416031347871447,0.02489049919709026,0.026277146053059874,0.027612949176095695,0.02897186308682865,0.030409353675731915,0.031726668168609716,0.03299776108609335,0.03442600735991791,0.03590047520913697,0.03734258795557962,0.03886327738019289,0.0403608560171092,0.04181221307863079,0.043087928153654025,0.04450230795485996,0.0459490428588422,0.0474466214957586,0.048861001296964385,0.05026613678309212,0.05178220405016582,0.05331675994739741,0.05526731002317919,0.05710692831801352,0.05881250404420502,0.06070296607197341,0.06243165258586161,0.06397545279817263,0.06558396321603466,0.06735887130531784,0.06910604644936356,0.07077002275769974,0.0723045786549316,0.07399628790850395,0.07552622164819639,0.07710237696328286,0.07870164306606686,0.08031477564146916,0.08197875194980501,0.08368894983353566,0.08536679261448978,0.0870816126557598,9.43125022023414e-06,0.00028213813918434073,0.002167978009413577,0.0038134656875918587,0.005403487475296794,0.0070489751534750945,0.008574286735627934,0.010196663626108993,0.011731219523340695,0.01313635500946792,0.014624689331305202,0.01618697817377361,0.017790866434096834,0.019390132536880805,0.02098477648212512,0.022597909057527232,0.024095487694443456,0.02569937595476685,0.02737721873572121,0.028971862680965556,0.030469441317881547,0.03199937505757384,0.03345997643417458,0.035133197057589674,0.036861883571477676,0.03846577183180084,0.04008814872228215,0.04156723872904039,0.04318961561952169,0.04483972545523923,0.04640663645524688,0.04797816961279442,0.04967912318144568,0.05127376712669049,0.05285454459931623,0.05447692148979726,0.056080809750120905,0.05753678896918158,0.05910369996918991,0.06058741213348734,0.062237521969205074,0.06377207786643711,0.06532512239382605,0.06688278907875538,0.0683757455581318,0.06997501166091584,0.07151418971568715,0.07292856951689296,0.0745001026744403,0.075983814838738,0.07754610368120633,0.07917310272922702,0.08081396824986564,0.08241323435264963,0.08392467946218407,0.08540376946894261
sdg11_pipedwat,0.7453100000000101,0.7481168878659257,0.7515890759092624,0.7549956709773421,0.7584772294456797,0.7620150104642485,0.7658854415714762,0.7698167804414351,0.7737200080362969,0.7776747729688294,0.7812078687748696,0.7846378899055337,0.788063225823676,0.7914135983415644,0.7948483046847408,0.7983204927280657,0.8018676441716482,0.8052461279646242,0.8087604829205958,0.8123123195766936,0.8159391196330649,0.8195284379893043,0.8230568485828145,0.8264821845009659,0.8300012246694524,0.8334499866501753,0.8371283240442391,0.8407504388880854,0.8444287762821392,0.8480415207009636,0.8520150264835628,0.8560541252414104,0.8599807788988495,0.8637668761807811,0.8676888446257163,0.8717794807212335,0.8758466907541834,0.8799185859996413,0.8836016086062057,0.8871721861123824,0.8907708748936451,0.8944398418626662,0.898282161694807,0.9020495181266738,0.9058215597710666,0.9095982866279699,0.9133750134848687,0.917020554391312,0.9207270030604621,0.9244803038547853,0.9280555665734704,0.9317104779049341,0.9352388884984576,0.9387532434544229,0.9426845823243788,0.9464564433840953,0.7453100000000101,0.7482387033913607,0.7518842442978173,0.7553985992537816,0.7589082689972207,0.7624132535281728,0.7661150169847963,0.7697933543788501,0.7734857474104609,0.7771406587419205,0.7806550136978934,0.7842115355665102,0.7877586870100878,0.7912824123910965,0.7947733412844736,0.7981377694399112,0.8016052722707107,0.8050259229763381,0.8084325180444224,0.8119000208752207,0.8153019307307884,0.8188209708992757,0.8219698792789314,0.8249173235203741,0.8279209903120182,0.8309949352914028,0.83439215993446,0.8377940697900218,0.841135071882868,0.8445557225885061,0.8480419662693646,0.8515328951627543,0.8550753613938192,0.858599086774816,0.8623617579941791,0.8661056883634578,0.8699714342581865,0.8737247350525077,0.8773843315964882,0.8809502238901475,0.8845863943715452,0.8882131944279139,0.8919243283095872,0.8955932952786019,0.8993278552228587,0.9030249334669799,0.9066657891608947,0.9102832187922347,0.9139240744861516,0.9175883562426549,0.9211167668361735,0.9246076957295529,0.9280845689853894,0.9316317204289737,0.935319428248058,0.9388892337832373
sdg11_pm25,0.8991818181818039,0.8990473182942563,0.8989271542166936,0.89880517547964,0.8986846484701642,0.8985650287904419,0.8984601078525866,0.8983564571763935,0.8982529879661332,0.898146615300697,0.8980244550976777,0.8978986655756919,0.8977728760536922,0.8976505343847366,0.8975287371136161,0.8974047622511212,0.8972798800588668,0.8971591715834549,0.8970424553589097,0.8969231986110876,0.8968055750567975,0.896684866581385,0.8965668800951991,0.8964505268025613,0.8963307256568823,0.8962125577047564,0.8960934824228756,0.8959793067216262,0.8958629534289851,0.8957473260001447,0.8956378684135661,0.8955302254864861,0.895423852821044,0.8953189318831957,0.8952169144005323,0.8951118119967407,0.8950097945140766,0.8949068697016708,0.8947890646814354,0.8946654527508332,0.8945485550603431,0.8944276651189752,0.8943158484750642,0.8941991322505252,0.894090763459644,0.8939762248264959,0.8938567866127207,0.8937435182412139,0.8936287981421146,0.8935113560537808,0.8933953656930383,0.8932752016154659,0.8931555819357406,0.8930336031986785,0.8929265046694431,0.8928188617423577,0.8991818181818039,0.8990482256240019,0.8989271542166932,0.8988053569455903,0.8986804747533359,0.8985577701524788,0.8984356099494559,0.89831254241671,0.8981976408516567,0.8980763879783948,0.8979529575137335,0.8978251718663077,0.8976999267421517,0.89757322989042,0.8974454442429789,0.8973216508464334,0.8971960427903817,0.8970731567235809,0.8969482745313277,0.8968224850093368,0.8967008692041673,0.8965790719330602,0.8964443905795553,0.8963135200109896,0.8961839197040613,0.8960501456803124,0.8959256264199577,0.8957969334427828,0.8956707809888887,0.8955457173306932,0.8954221054000844,0.895304300379856,0.8951830475065877,0.8950583467802896,0.8949405417600531,0.8948218294100778,0.8947063834471811,0.8945883969609981,0.894466781155832,0.8943460726804171,0.8942324413770124,0.8941093738442525,0.8939904800283275,0.893875759929228,0.8937574105111467,0.8936397869568645,0.8935239780620713,0.893402906654753,0.8932849201685694,0.8931640302272019,0.8930362445797685,0.8929113623875194,0.892793012969439,0.8926728488918667,0.892557584394922,0.8924381461811447
sdg13_co2gcp,0.9769571428571452,0.976633268129943,0.9763751295060893,0.976100852078431,0.975832085461825,0.9755562335167081,0.9752827433477665,0.9750139767311684,0.9747361566392488,0.9744555811417982,0.9741797291966875,0.9739172606498719,0.9736327488588048,0.9733423326273202,0.9730625443885977,0.9727866924434884,0.9725187130856049,0.972244829287299,0.9719851161460101,0.9717230412285525,0.9714712006744862,0.9712067639808547,0.9709387846229756,0.9706979656910347,0.9704398270671871,0.9701852311075917,0.9699432312875675,0.9696933588803124,0.969444667361138,0.9691770816326174,0.9689161876032435,0.9686596234968458,0.9684125064951179,0.9681606659410547,0.9679131553099701,0.967618409155509,0.9673272056653007,0.9670352149163701,0.9667424369087205,0.9664811492499832,0.9662143507801846,0.9659534567508081,0.9656898073159048,0.9654348177269517,0.9651766791031061,0.9649165723324485,0.9646521356388228,0.9643932097562546,0.9641429437196379,0.9638753579911129,0.9636160384791853,0.9633630170370391,0.9631029102663857,0.9628538251178514,0.9626047399693204,0.9623111747029455,0.9769571428571452,0.9766297254656902,0.9763881192750159,0.9761299806511791,0.9758710547686071,0.9756184269558145,0.9753488730804873,0.9750907344566481,0.9748294467979076,0.9745677655098063,0.9742950625995882,0.9740365303463872,0.973773274540839,0.9735253702803877,0.9732684125446291,0.9730134229556775,0.9727521352969346,0.9724888794913913,0.9722189319867042,0.9719525271462699,0.9716916331168912,0.9714232601296453,0.9711556744011284,0.9709124936930188,0.9706653766912906,0.970419834207009,0.9701825579393203,0.9699279619797303,0.9696788768311947,0.9694286107945755,0.969177163869878,0.9689139080643336,0.9686522267762325,0.968386609194519,0.9681296514587608,0.9678585230659866,0.9675972354072472,0.9673272879025576,0.9670644257263777,0.9668027444382779,0.9665461803318771,0.9662860735612232,0.9660346266365244,0.965776094383318,0.96551756213011,0.9652507636603083,0.9649898696309355,0.9647368481887888,0.9644775286768597,0.964219390053012,0.9639510170657697,0.9636822504491667,0.9634150583500084,0.963159281502328,0.9629066536895431,0.9626465469188908
sdg13_co2import,0.9923000000000001,0.9922051109314887,0.9921021687255781,0.9919996010842058,0.9918977825718672,0.991792967543311,0.9916857178452899,0.9915825883571174,0.9914803952802664,0.9913823224132536,0.9912823767235837,0.9911807454935159,0.9910764923117555,0.9909718645654468,0.9908736044161699,0.9907738460087652,0.9906724020609785,0.9905741419116969,0.990471948834846,0.9903686320643985,0.9902640043180929,0.9901631222171049,0.9900629892451657,0.9899602343215216,0.9898587903737295,0.9897573464259417,0.9896568388894739,0.9895625116677582,0.9894593821795836,0.989363931264279,0.9892632364455519,0.9891604815218988,0.989059786703176,0.9889570317795225,0.9888537150090846,0.9887614478922871,0.988665996976982,0.9885703587794162,0.9884694766784207,0.9883655980611838,0.9882637795488566,0.9881634592946639,0.9880565841611757,0.9879585112941639,0.9878574419108991,0.9877563725276393,0.9876577378138277,0.9875587285354821,0.9874591574103477,0.9873575261802865,0.9872631989585806,0.9871655006560899,0.9870687387649326,0.9869695422043249,0.9868716566195744,0.9867750820106798,0.9923000000000001,0.992203238108836,0.9921008577497222,0.9919994138019422,0.9918932877975027,0.9917929675433109,0.9916920854423077,0.9915898923654615,0.9914863883127549,0.9913858807762946,0.9912810657477271,0.9911805582112512,0.9910753686181636,0.9909718645654481,0.9908683605127444,0.9907609235324633,0.9906579813265548,0.990555413685171,0.9904535951728503,0.9903536494831777,0.9902514564063202,0.990152447127984,0.9900504413333915,0.989941880659529,0.9898393130181415,0.9897339361427852,0.989635863275764,0.989533295634378,0.9894348482028339,0.9893315314323881,0.9892332712831098,0.9891335128757017,0.9890311325165907,0.9889317486737134,0.988829930161396,0.9887316700121104,0.9886313497579093,0.9885312167859776,0.9884342676125516,0.9883326363824984,0.9882291323297846,0.9881301230514464,0.9880326120312211,0.98792892069625,0.9878293495711109,0.9877294038814416,0.9876273980868561,0.9875296997843673,0.9874308777882941,0.9873320557922124,0.9872328592316088,0.9871291678966299,0.9870309077473497,0.9869302129286198,0.9868274580049737,0.9867320070896717
sdg14_cleanwat,0.1536558772268939,0.1557309173832842,0.15725022042191933,0.1588971927984178,0.16050160872896072,0.1621610977072101,0.16382309000580822,0.16547757234335697,0.1672296841745663,0.1689292262784202,0.1706162517805219,0.17230077396227306,0.1738926732910649,0.1755296323861618,0.17715407487950727,0.1788436037019592,0.1804805627970553,0.18208748204794858,0.18376699758899914,0.18549157289635648,0.18706594898269605,0.18872543796094418,0.1902923040862326,0.19187669345397368,0.1934360496182124,0.19497537921964825,0.19657729182984074,0.19825430405054079,0.19990628306773908,0.20150068571688168,0.20312763153057684,0.20480214043092754,0.20654423898073526,0.20823376780318728,0.20998587963439586,0.21172547486385476,0.2135301564224195,0.21530229481643035,0.21706441992904,0.21882904836200032,0.22057365023215977,0.22231324546161754,0.22402029752652108,0.22575738943562826,0.22750199130578652,0.22932169278645403,0.23109883782116572,0.23284093637097333,0.2346556312109387,0.23644028620670113,0.23822243788211298,0.2398994501028154,0.24164154865262333,0.2433661239599788,0.24508569262663346,0.24682528785609134,0.1536558772268939,0.1557184007815329,0.1572727503050719,0.15889719279841763,0.16054166185456514,0.1621736143089613,0.16388567301456475,0.165542658672464,0.16720965761176412,0.16886914659001367,0.17046354923915513,0.17211552825635285,0.173674884420591,0.17533437339884025,0.1769638225328861,0.17860078162798265,0.18021270751957577,0.18184215665362183,0.18346409582661616,0.18505098851470797,0.18670046421155587,0.18829737018104756,0.1898767529080875,0.19135850614146674,0.19288281582080194,0.19442715206293845,0.19603156799348073,0.19766101712752615,0.19926292973771859,0.2009224187159687,0.20252182800581053,0.2041637937416079,0.20580325615705405,0.20752532814405972,0.20920484368511075,0.21092941899246764,0.21262896109632082,0.2143485297629763,0.2160105220615745,0.21772007744682934,0.21940960626928277,0.22107159856788164,0.22283873032119192,0.2245683122692481,0.22625033113064957,0.22797490643800675,0.22971199834711367,0.23145409689692192,0.23314612903972345,0.23486569770637922,0.23660028629513574,0.23825727195303578,0.2400369203080978,0.24171893916949844,0.2433809314680974,0.24510300345510314
sdg14_fishstocks,0.9080999999999919,0.9019597038692109,0.8967952366294051,0.8925805761768845,0.8883138715168473,0.8840731889605641,0.8801122440197143,0.8761382880269752,0.8721578265083092,0.8684050583975356,0.8642359366266061,0.8600993424853662,0.8561318920185749,0.8523075631224626,0.8481384413515326,0.8443596511370002,0.840925653797303,0.8375762282948253,0.8342658359479904,0.830818827556415,0.8271896644385096,0.8236580842097094,0.8202240868700097,0.8167055176930909,0.8131934540421133,0.8095903130279672,0.8062018543698511,0.8024946249406633,0.7989565391859281,0.7955355528981086,0.7918738621505026,0.788478897966445,0.7847651630113175,0.7811164833155996,0.7775849030867961,0.7733832536861581,0.7688563279885078,0.7641017088829595,0.7594837058221475,0.7551844735324063,0.7513015949028349,0.7474967825845452,0.7435943873771587,0.7396659700660061,0.7353992654059652,0.7314773536207536,0.7274383423686174,0.72353594716123,0.7198742564136246,0.7162125656660191,0.712180059939825,0.7084728305106438,0.7049022171261998,0.7012535374304756,0.6978195400907755,0.6940277388243667,0.9080999999999919,0.9020442757064332,0.8969448637260292,0.8931465569336832,0.8895564269714189,0.885920758327576,0.8823176173134314,0.8787404984030508,0.87490315845506,0.8714106113818983,0.8676903709008372,0.8640416912051151,0.8604645722947306,0.8568679368065275,0.8532973234220901,0.8495380497853814,0.8459609308749979,0.842357789860855,0.8387871764764109,0.8351970465141536,0.8315093336627862,0.8277045213444989,0.8238151371889858,0.8201924795970243,0.8167259546276281,0.8130772749319013,0.8095847278587435,0.8059100260592558,0.8021637634744344,0.7983979843117854,0.7947362935641811,0.7911786912316183,0.7875690446915347,0.7838683207882925,0.7801155526775244,0.7765059061374412,0.7728181932860747,0.768993864389972,0.7651695354938604,0.7614362839609147,0.757605449538864,0.7536900432795915,0.749930769642889,0.7463406396806249,0.7424577610510543,0.738770048199688,0.7349457193035808,0.7311604235631153,0.7275898101786727,0.723791503386324,0.7202013734240604,0.7165461882024015,0.7129040140326152,0.7094830277447964,0.7059514475159964,0.7024979335984753
sdg15_redlist,0.926000000000015,0.9251923610162686,0.9243490570368692,0.9234849484766497,0.922626784082377,0.9217953684348632,0.9209550365384225,0.9201236208909328,0.9192505960817979,0.9184132362683358,0.9176085693675776,0.9167177120606091,0.9158595476663394,0.915016243686931,0.9141669955415754,0.9133534123919136,0.9125101084124999,0.9117173298436391,0.9108472771174767,0.9099950568891562,0.9091487808267725,0.9082638676857525,0.9073462616320496,0.9064940414037226,0.9056507374243155,0.9048044613619481,0.9039641294655064,0.9031237975690822,0.902262661091838,0.9013807200337914,0.900501751058726,0.8996138658347284,0.8987646176893888,0.8978588999675591,0.8970334284859843,0.89619606867253,0.8953408763612327,0.8945094607137163,0.8936810171491762,0.8928347410867973,0.8919973812733466,0.891186770206631,0.8903731870569582,0.8894882739159359,0.888656858268423,0.8878194984549609,0.8869583619777184,0.8860972255004895,0.8852539215210793,0.8843868408778937,0.8835257044006609,0.8826794283382781,0.8818093756121271,0.880942294968942,0.8800871026576459,0.8792111057655521,0.926000000000015,0.9252101935141023,0.9243312245390354,0.923452255563954,0.9225643703399571,0.9216764851159692,0.9208272369706108,0.9199928492401479,0.9191495452607357,0.9182973250324129,0.9174480768870698,0.9165720799949625,0.9157139156006925,0.9148587232893957,0.9139975868121513,0.913166171164654,0.9123109788533511,0.9114438982101802,0.9105827617329353,0.9097572902513671,0.9089020979400657,0.9080142127160735,0.9071174112431765,0.9062206097702641,0.9053446128781598,0.9044686159860715,0.9035985632599053,0.9027463430315903,0.9018762903054292,0.9010240700771073,0.9001807660977095,0.8992899087907386,0.8984258002305399,0.897561691670324,0.8967064993590246,0.8958631953796251,0.8950288076491344,0.8942211686653976,0.8933540880222143,0.8925256444576699,0.8916972008931383,0.8908687573285882,0.8900640904278305,0.8892326747803107,0.8884012591328002,0.8875222901577234,0.8866819582612879,0.8858535146967571,0.8850042665514016,0.8841698788209121,0.8832938819288156,0.8824565221153489,0.8816072739700068,0.8807580258246545,0.8798850010155261,0.879059529533961
sdg16_homicides,0.9820149990241348,0.9823878453500487,0.9826287488266495,0.9828489377262526,0.9830619215555901,0.9832667996808666,0.9834590689331713,0.9836472853334512,0.9838327998323833,0.9840246187678,0.9842312981606428,0.9844474342082158,0.9846324983902552,0.9848360255648573,0.9850156859441939,0.985169678260697,0.9853236705772004,0.9854736100416783,0.9856415621818277,0.9858185206598133,0.9859797180465858,0.9861319090955221,0.9862850007782423,0.9864466484819064,0.9866132496713808,0.986785254663558,0.9869743716976215,0.9871535817600643,0.9873174810481906,0.9874930885754982,0.9876646432507836,0.9878573628199835,0.988049632072289,0.9882459541766234,0.9884900098714879,0.9887412706366213,0.989008292492967,0.9892658576945871,0.989502708319182,0.9897156921485122,0.98992057027379,0.9901258987159595,0.9903402334959643,0.9905820106222752,0.9908031001717187,0.9910318451083227,0.9912371466306397,0.9914487256856472,0.991647245647156,0.991867380867655,0.9920559402105649,0.9922511469807677,0.9924311774313755,0.9926200802308471,0.9928157646874907,0.993037380450031,0.9820149990241348,0.9823680314068087,0.9825625522435523,0.9827449145242491,0.9829200717346737,0.9831042352829211,0.983283445345368,0.9834766152314574,0.9836576265614708,0.9838530480320227,0.9840318077775727,0.9842015611852897,0.9843762680788174,0.9845595309932877,0.984745946126002,0.9849179511181778,0.9850967108637311,0.9852705171234734,0.9854492768690261,0.9856401951706588,0.9858302128385049,0.9860229324077066,0.9861782756748847,0.9863480290825997,0.9865263385112635,0.9867028466723569,0.9868969171922296,0.9870905373952128,0.9872792041123867,0.9874647186113156,0.9876533853284881,0.9878452042639025,0.9880356722486429,0.9882373981556778,0.9884467794498754,0.9886449028217751,0.9888520325315102,0.9890546590723311,0.98926043783139,0.9894653159566679,0.9896728959832977,0.989873270939656,0.9900745465297991,0.9902866297253478,0.9904820511958966,0.9906824261522548,0.990882801108616,0.9910840228590515,0.9912874693543949,0.9914859355565043,0.9916862031546609,0.9918796624166998,0.9920600894729781,0.9922431381689168,0.9924343196654288,0.9926299239888731
sdg16_rsf,0.6556999348019069,0.6561202105940981,0.6563705286140418,0.6566365753738506,0.6568978161298112,0.6571625521612862,0.6574106856340324,0.6575937196001936,0.6577680153775513,0.6579418742454611,0.6581161700228191,0.6583638665861261,0.6586150584249588,0.6588553275277839,0.6590890429890102,0.6593162048086283,0.6595503571792947,0.6597941215576394,0.6600418181209506,0.660277281219934,0.6605179872322027,0.66076175161055,0.6609858550640901,0.6611924821400188,0.6614034783103515,0.6616262710355688,0.6618416363003039,0.6620784101276098,0.6623090672227502,0.6625449672311737,0.6627843625151201,0.6630263792557078,0.663252230347007,0.6634924994498341,0.6637611676662752,0.6639922616708576,0.6642207342187951,0.6644522651328184,0.66466107675595,0.6649223175119084,0.665187053543386,0.6654312548311747,0.6656820097605652,0.6659388814221204,0.6661813350721476,0.6664299054543394,0.6666505136323555,0.666904763837268,0.6671515865816975,0.6673988462355673,0.6676513488027199,0.667867150976896,0.6680973711625974,0.6683210377066958,0.668555626986799,0.6687797304403378,0.6556999348019069,0.6561005496692883,0.6563215947567376,0.6565452613008468,0.6567606265655846,0.6569799240152768,0.6572123287481767,0.6574386167489189,0.6576596618363769,0.6578876974748752,0.6581052472868136,0.6583319721969906,0.6585630662015735,0.6587823636512691,0.6590020980104074,0.6592305705583444,0.6594516156458068,0.6596800881937458,0.6599059392850452,0.660136596380185,0.6603663796564498,0.6605856771061449,0.6608089067408026,0.6610513603908315,0.6612951247691787,0.6615401998758468,0.6617896440769178,0.6620290393608647,0.6622706191920111,0.6625073930193168,0.6627454775749414,0.6629805037644851,0.6632115977690685,0.6634544883285368,0.6637065539862465,0.6639324050775484,0.6641626252632485,0.6643924085395103,0.6646274347290521,0.664862460918598,0.6650961763798212,0.6653250858372038,0.6655644811211471,0.665796885854051,0.6660257953114311,0.6662612584104171,0.6665024013321235,0.6667361167933471,0.6669720168017701,0.6672109751762766,0.6674455644563804,0.6676867073780882,0.6679173644732296,0.6681554490288554,0.668393533584481,0.668633802687306
sdg17_govex,0.2239696404458078,0.22455278568343726,0.22486043543659734,0.22522392886903675,0.22558593313669895,0.2259501711515288,0.2263300453965618,0.2267002400705191,0.2270964951281388,0.22749945142727698,0.2278837931666495,0.2282755807299309,0.22865322122778892,0.22902639423130805,0.22938765391657526,0.22978093064463762,0.23014889157141946,0.23051983082776756,0.230892259248892,0.23125947559328752,0.23161403403704078,0.2319797612166555,0.23229485679371348,0.23265015981986095,0.2329995061868811,0.2333481079715154,0.23371457973351648,0.2340884973194261,0.2344363545216649,0.2348013371188887,0.2351782330343564,0.2355499168730947,0.2359469165131049,0.23632827992291958,0.2367252795629298,0.23713419252119258,0.23755129588574564,0.23798254631572227,0.23838475803246553,0.23880111681463279,0.2391824802244431,0.2395638436342573,0.23997275659251543,0.24036975623253007,0.24077643544362073,0.24120470754403137,0.24160691926077937,0.2420068972303513,0.24240091854080395,0.24280089651037626,0.24319864073278166,0.24359266204322977,0.24398668335368226,0.24438144924652147,0.244776959721755,0.2451814051856701,0.2239696404458078,0.22454906277148473,0.2248649029309405,0.22521424929796038,0.2255784873127943,0.225924110767862,0.22629430544181903,0.22667343510446178,0.22706447808534824,0.22745403190145821,0.22781380242194463,0.22818623084307382,0.22855568093463585,0.22894300100357473,0.2293117065127469,0.2296729661980188,0.2300476283663149,0.23041484471071028,0.23078131647271072,0.23116491362969693,0.23154255412755487,0.2319008354832642,0.23223603478486518,0.2325719786688607,0.2329176021239283,0.23325875808465804,0.23362746359383021,0.23396713038977804,0.23434626005241713,0.2347402813628697,0.23512685684941376,0.23550673109444706,0.23588064868035266,0.23624488669518626,0.23663071759933962,0.2370187822506685,0.23745524475737395,0.23785224439738878,0.23825892360847517,0.23865443408370893,0.23903579749351908,0.23942535130962883,0.2398245846968106,0.24022307350160618,0.24059252359317293,0.2410036702986022,0.2414103495096934,0.24180213707297002,0.24218945714190862,0.2425730542988901,0.24294995021436194,0.2433112098996291,0.24369108414466298,0.24408212712554941,0.24449997507249774,0.24489101805338426
sdg17_govrev,0.08563999999999895,0.08522237095390271,0.08490769554327185,0.08457223141778683,0.0842575560071554,0.08393100133089333,0.08360345671582867,0.0832783869477697,0.08294341779168592,0.08261042851320682,0.08226753984670224,0.08194296504804503,0.08162927957621556,0.08130519974695993,0.0809890394281242,0.08068772819132723,0.08039087167914111,0.0800950051057575,0.07978478441973705,0.07945476495766605,0.07913513985302151,0.07881699965658083,0.0784755958982803,0.07816438527345738,0.07786307403665996,0.07757710685130172,0.07728520003312883,0.07698388879633149,0.07669099203935552,0.07639413552716953,0.07611163312762026,0.07578408851255534,0.07546941310192354,0.07515473769129168,0.07484253712766635,0.07451449754320004,0.07418645795873412,0.07387178254810263,0.07354225805543277,0.07321471344036776,0.07289409839692071,0.07256209905724428,0.07223752425858702,0.07187830160184074,0.07152996827192244,0.07117866512559659,0.07083181670388214,0.07052159601786218,0.07020296085202019,0.06988234580857311,0.0695607408263235,0.06926734909994645,0.06896752277135274,0.06866819141216034,0.06838024434919708,0.06807447838778809,0.08563999999999895,0.08522484580090908,0.0849151200842909,0.08461083903108599,0.08430606300847998,0.08401168134330064,0.08371333992291087,0.08340014942048238,0.08308448407104811,0.08277970804844166,0.08246107288259948,0.08215530692119065,0.08185498562319542,0.08154822972298414,0.08123256437354973,0.08092679841214119,0.08061608275671955,0.08031526648932324,0.08000851058911176,0.07970125971949915,0.07938559437006482,0.07907784853105085,0.07875525360999859,0.0784692864246406,0.07818034942287495,0.0778849778188925,0.07760247541934379,0.07729373964152732,0.07698500386371078,0.07666587372846743,0.07637446187969542,0.07606671604068137,0.07574956578304315,0.07543439540301011,0.0751429835542382,0.07483276286821773,0.0745121478247708,0.07418856296491633,0.07387339258488325,0.07355871717425143,0.07325542605984878,0.07294025567981557,0.07262558026918386,0.07230941995034823,0.07198979484570366,0.0716855137924987,0.07137529310647828,0.07106457745105704,0.07074841713222142,0.07043819644620097,0.07012550091317415,0.0698256745845806,0.06954663697084022,0.06923839616242496,0.06894648934425175,0.06863923847463908
