seriesCode,0,1,2,3,4,5,6,7,8,9,10,11,12,13,14,15,16,17,18,19,20,21,22,23,24,25,26,27,28,29,30,31,32,33,34,35,36,37,38,39,40,41,42,43,44,45,46,47,48,49,50,51,52,53,54,55,56,57,58,59,60,61,62,63,64,65,66,67,68,69,70,71,72,73,74,75,76,77,78,79
sdg1_320pov,0.9984999999999923,0.9985051458795912,0.9985099114797937,0.9985150030337584,0.9985200402620962,0.9985260010260819,0.9985314185338052,0.9985374879490475,0.9985427968055137,0.9985489205463827,0.9985555875435158,0.9985624718431532,0.9985693018171662,0.9985764577449386,0.9985843742314832,0.9985919647642686,0.9985994466457994,0.9986069285273316,0.9986143017576089,0.9986224355466586,0.9986304063588306,0.9986391920553978,0.9986466196113029,0.9986549707028592,0.9986644626325711,0.9986730310266334,0.9986813821181899,0.9986897332097464,0.9986990621625809,0.9987076848822702,0.9987164162532114,0.9987246586935141,0.9987334443900832,0.9987425017147838,0.9987509071319671,0.9987605620385599,0.9987698366657661,0.9987791112929745,0.9987886032226879,0.9987972259423765,0.998806935174596,0.9988165357555624,0.9988267882440487,0.9988364974762695,0.998847347546646,0.9988572740813725,0.9988670919648449,0.9988772358020758,0.9988862388011513,0.998896111010251,0.9989064721499887,0.9989173222203662,0.9989273574063453,0.9989379901742153,0.9989480796858214,0.9989578975692947,0.9989681500577807,0.9989775876618667,0.9989887093603778,0.9989987445463563,0.9990094859654801,0.9990206076639899,0.9990314577343667,0.9990433943172746,0.9990550592720507,0.9990648771555234,0.9990754555977678,0.9990867402731578,0.9990974816922821,0.9991091466470572,0.9991215178349778,0.9991326938591143,0.999144087185756,0.9991544483254953,0.9991658959777643,0.9991779412119253,0.9991891440054371,0.9991999883107638,0.9992106494811936,0.9992210845834493
sdg1_oecdpov,0.7669208565503128,0.7669207681050471,0.7669206730832376,0.7669205835418891,0.7669204989329603,0.7669204143240218,0.7669203327293431,0.7669202467502911,0.7669201640595222,0.7669200832869079,0.7669200101869454,0.7669199222897327,0.7669198398729868,0.7669197588263487,0.7669196802459264,0.766919603035611,0.766919524455188,0.7669194447786659,0.7669193692124956,0.7669192930982738,0.7669192147918733,0.7669191367594898,0.7669190576310206,0.7669189798726597,0.7669189045805113,0.7669188260000825,0.76691875015989,0.7669186754157828,0.766918600123636,0.766918527023669,0.7669184489912891,0.7669183778094824,0.7669183036134285,0.7669182307874844,0.7669181519330363,0.7669180736266303,0.7669179972383904,0.7669179266046307,0.7669178578890361,0.7669177867072293,0.7669177127851968,0.7669176421514374,0.7669175682294045,0.7669174954034614,0.7669174247697039,0.7669173538619223,0.7669172862424198,0.7669172188969375,0.766917142782719,0.7669170663944768,0.7669169935685339,0.766916927593167,0.7669168591515948,0.7669167915320901,0.7669167228164944,0.7669166538268738,0.7669165831931168,0.7669165144775205,0.7669164419256014,0.7669163784164421,0.7669163168254455,0.7669162527682415,0.7669161815864373,0.7669161224616478,0.7669160551161667,0.766915985030455,0.7669159228914121,0.7669158596562766,0.7669157898445876,0.7669157222250834,0.7669156543315566,0.7669155820536604,0.766915520736687,0.7669154577755743,0.7669153849496314,0.7669153154119652,0.7669152447782084,0.7669151738704283,0.7669151078950607,0.76691503780935
sdg1_wpc,0.9988999999999948,0.9989057086438597,0.9989098132768084,0.9989143416107469,0.9989187488872625,0.9989227929914894,0.998927714762071,0.9989323641534381,0.9989375885675932,0.9989427221886741,0.9989475229018261,0.9989528683734061,0.9989580322588419,0.9989634079947818,0.998968904788147,0.9989746436963657,0.9989805944550852,0.9989865452138047,0.9989923143863857,0.9989976901223211,0.9990037316741115,0.9990095008466877,0.9990156029271935,0.9990216747433428,0.9990282610535577,0.9990350592142719,0.9990418573749896,0.9990484739495622,0.9990553023746352,0.9990617978917798,0.9990685657881397,0.9990753639488557,0.9990815870867881,0.9990882641900745,0.9990952136725756,0.9991019513045769,0.9991087494652933,0.9991153357755092,0.9991221036718676,0.9991296281771522,0.999136971096294,0.9991441021649362,0.9991511727048643,0.9991585458883628,0.9991656466926482,0.9991731711979321,0.9991806654388586,0.9991877965075018,0.9991946551969305,0.9992019678517148,0.9992091594490714,0.9992165023682141,0.9992236939655706,0.9992309460916391,0.9992382587464247,0.999245752987351,0.9992532774926354,0.9992607414692044,0.999268598882414,0.9992766076174104,0.999284343973193,0.9992918987428343,0.9992995140411888,0.9993067964316152,0.9993150472814669,0.9993228744303211,0.9993312463376001,0.9993390432220962,0.9993473546006608,0.9993552422782291,0.999363341806296,0.9993720466215017,0.999380115885211,0.9993883667350628,0.9993958912403467,0.9994042328832685,0.9994125745261903,0.9994208859047555,0.9994295907199622,0.9994380231559555
sdg2_crlyld,0.1494743776458307,0.1499752780982876,0.15043113975355635,0.15084726129365794,0.151374655156226,0.15189939967778268,0.1524029494712512,0.1529462393798854,0.15341004905818711,0.1539268455567105,0.15445688876028993,0.15501342537398002,0.15555936462362555,0.1561344466243932,0.15667243785100585,0.15724487051076236,0.15779610844243042,0.1583632424201647,0.15890918166981027,0.15944982223743398,0.1599878134640463,0.16054435007773632,0.16115652285265955,0.16169186473826083,0.1622616480570064,0.1628579247858629,0.1634383054686529,0.1639762966952653,0.16457787210614408,0.16519004488106723,0.165812815020035,0.1663508062466473,0.16697357638561505,0.16757515179649368,0.16818732457141697,0.1688286400974622,0.16941167012126346,0.17005298564730836,0.1706360156711098,0.1713117726302993,0.1718656599029781,0.17244074190374595,0.17309530413484667,0.17374191834291444,0.1743858832099707,0.17500070532590462,0.17562877414689468,0.17627803769597328,0.1770041321343737,0.17764279831940816,0.17829206186848645,0.17899431223778722,0.17969656260708758,0.18029018999493318,0.18096329761311142,0.1816205091852234,0.18225387668823556,0.18296672442158046,0.1836080399476257,0.1841963686534489,0.18487742429466064,0.18557172664092786,0.1862474836001176,0.1869391366053737,0.18756985476737473,0.18825620909060864,0.18890017395766506,0.18963686576010988,0.19034176547042148,0.1910228211116332,0.19169592872981198,0.192363737665968,0.1930527413302134,0.19367021278715862,0.19439365788454793,0.19509855759485958,0.1957981586231493,0.19648716228739393,0.19718941265669482,0.19789961104902842
sdg2_obesity,0.7279328267936144,0.7271278015376962,0.7263227762817785,0.7254927613653834,0.7247043958831378,0.7239160304008876,0.7231193350317963,0.722355959210031,0.7215092845199823,0.7206792696035876,0.719915893781817,0.7191441880732159,0.718330832930476,0.7175757869955423,0.7167457720791498,0.7159074272759207,0.715110731906839,0.7143057066509297,0.7134840216213626,0.7127706251205657,0.7120072492988002,0.7111772343824058,0.7104055286738054,0.7095838436442403,0.7087871482751559,0.707998782792902,0.7072187471974822,0.7063637426206016,0.705558717364686,0.7048369909770626,0.7040402956079812,0.7032269404652437,0.7024635646434773,0.7016335497270763,0.7008368543579941,0.7001401176308589,0.6993600820354352,0.6985550567795241,0.6978333303918998,0.6971032741174443,0.6963315684088491,0.6955265431529398,0.6947714972180028,0.6940081213962321,0.6932530754612944,0.6925146893000123,0.6917846330255586,0.6910212572037915,0.6903161905898273,0.6895611446548853,0.6887894389462896,0.6881010321059788,0.6873876356051832,0.6866159298965882,0.6858025747538512,0.6850058793847655,0.6842591633366552,0.6835957461568324,0.6829073393165227,0.6821689531552417,0.6814055773334721,0.6806671911721894,0.6798788256899367,0.6790904602076859,0.6783187544990894,0.6775553786773199,0.676792002855554,0.6760536166942714,0.6753152305329901,0.6746601432399949,0.6739134271918844,0.6731084019359714,0.6723366962273785,0.6716066399529244,0.6708849135653008,0.6701798469513328,0.669408141242738,0.6686614251946251,0.6678897194860308,0.6671596632115772
sdg2_snmi,0.6167784539287654,0.6165890569664412,0.6164143056775323,0.6162164296411045,0.616020866079425,0.6158391773662625,0.6156459262793369,0.6154680916907616,0.6152848613277627,0.6151077975641045,0.6149237963761881,0.6147528992118694,0.6145550231754403,0.6143779594117822,0.6141954998737006,0.6140168944602077,0.6138352057470444,0.6136635377578078,0.6135042029672511,0.613322514254089,0.6131554712143569,0.6129753241510278,0.6128059686365439,0.612638925596812,0.6124711117321624,0.6123040686924307,0.6121416506022035,0.6119746075624724,0.6118175852466659,0.6116574796311913,0.6115050822648909,0.6113580806730123,0.611204141656876,0.6110486609909065,0.6108916386751011,0.6107338455343784,0.6105914688920046,0.6104383007007859,0.6102866741594032,0.6101311934934326,0.6099726295277925,0.6098117530874001,0.6096647514955212,0.6095216040282314,0.6093761440861866,0.6092337674438132,0.6090844533771816,0.6089467016843119,0.608791991843259,0.6086503860258023,0.6085010719591722,0.6083556120171287,0.6082093812501662,0.6080639213081228,0.6079207738408318,0.6077799388482924,0.6076468121049281,0.6075144561864799,0.6073821002680335,0.6072435777502472,0.6071127634816338,0.606966532714672,0.6068295518467213,0.6067049041774482,0.6065725482590005,0.6064409631654708,0.606307065597188,0.6061716263790705,0.6060500620094679,0.6059238726903593,0.6057969125463348,0.6056699524023091,0.6055275757599355,0.6054029280906628,0.605270572172215,0.605142070378356,0.605013568584495,0.6048804418411292,0.6047511692223521,0.6046257507281614
sdg2_stunting,0.9529677594809375,0.9530458974869368,0.9531223625903065,0.9531924706636796,0.9532709432502058,0.9533460700314728,0.9534298959064177,0.9535093722345289,0.9535878448210575,0.9536683248907445,0.9537484703799037,0.9538329654159018,0.9539228137403175,0.9540056358736847,0.9540901309096834,0.9541789754925206,0.9542674854948365,0.9543563300776737,0.9544438363384081,0.9545346884044031,0.954625875050923,0.9547140504727087,0.9548065754413327,0.9548980966683807,0.9549946366033187,0.9550888344745788,0.9551867127316218,0.9552829180860356,0.9553784542793956,0.9554749942143338,0.9555765528571634,0.9556764385973632,0.9557739822738799,0.9558752063361825,0.9559740883348076,0.9560779890413202,0.9561808860062556,0.9562861250348741,0.9563870145166512,0.9564899114815857,0.9565918047049419,0.9566963745725078,0.9568026173427074,0.9569078563713251,0.9570147683025728,0.9571196727506651,0.9572235734571782,0.957326805002639,0.9574307057091508,0.9575315951909296,0.9576368342195462,0.9577460882144798,0.9578530001457286,0.9579605812380303,0.9580641473640177,0.9581723976173702,0.9582873394812444,0.9583979317982797,0.9585098624374195,0.9586184472712976,0.9587283704272838,0.9588416393885277,0.9589472129976727,0.9590581398952347,0.9591680630512172,0.9592796591098306,0.9593905860073914,0.9595005091633756,0.9596127743830414,0.9597253741832361,0.9598403160471107,0.9599572653941428,0.960069865194335,0.9601858107997873,0.960298076019453,0.9604146907859584,0.9605262868445724,0.9606432361916035,0.9607595163775856,0.9608744582414602
sdg2_trophic,0.8133479021014409,0.8132723785526595,0.8131953543658141,0.8131195306894144,0.8130428066301809,0.8129723852508083,0.8128962614467968,0.812822538663686,0.8127557188156569,0.8126882987124039,0.8126214788643751,0.8125534585058952,0.8124872389130908,0.8124189184270009,0.8123547997274816,0.8122891803899008,0.8122292634769517,0.8121648446498214,0.8121016263331376,0.8120390082716796,0.8119781909758953,0.8119131718935392,0.8118532549805906,0.8117933380676423,0.8117292193681231,0.8116684020723388,0.8116126869459606,0.8115491685016664,0.8114892515887183,0.8114275339100964,0.811370318145658,0.8113119018707715,0.811259788275741,0.8112016721284661,0.8111456568744774,0.8110905420033259,0.8110447310881511,0.8109911168550589,0.8109378027495814,0.8108790863470822,0.8108278731348876,0.8107796611988167,0.8107269473485619,0.8106766345192057,0.8106284225831338,0.8105730075843689,0.8105223946273988,0.8104714815428196,0.8104133653955432,0.8103609516729019,0.8103124396092171,0.810263027162698,0.810212114078116,0.8101630017592083,0.8101102879089538,0.8100545727825766,0.8100087618674034,0.8099620505693922,0.809913238378097,0.8098629255487412,0.8098153138678928,0.8097695029527204,0.8097230917823224,0.8096763804843119,0.8096341711004864,0.8095892605681488,0.8095413487596897,0.8094973386101898,0.8094554293539754,0.8094060169074555,0.809360506119894,0.8093176964808427,0.8092724858208947,0.8092266749057204,0.8091799636077098,0.8091329521820882,0.8090868411393016,0.809046132393537,0.8089997212231383,0.8089515092870677
sdg2_wasting,0.8530721154940011,0.853104357540404,0.853135943261929,0.8531680540433583,0.8531988521750197,0.8532322756062222,0.8532658303023924,0.8533008289133088,0.8533372714389638,0.8533727951097815,0.8534080562506522,0.8534405608270099,0.8534759532328519,0.8535151523230204,0.8535531700283968,0.8535905314088887,0.8536272364645018,0.853664466580015,0.8537037969351575,0.8537428647603473,0.8537819325855346,0.8538225755904442,0.8538601995008906,0.8539003174458926,0.8539380726213145,0.8539776655064107,0.854017258391504,0.8540586889862726,0.8540977568114597,0.8541387936112981,0.8541803554710431,0.8542236237754823,0.8542672858748527,0.8543089789995745,0.8543523785689886,0.8543951218135224,0.8544357648184302,0.8544765390883141,0.8545192823328482,0.8545625506372869,0.8546055564117742,0.8546488247162143,0.8546919617556771,0.8547362801799301,0.8547798110143232,0.8548224229938787,0.8548670039480856,0.8549130288170326,0.8549569534463547,0.8550025845203755,0.8550484781243457,0.8550921402237153,0.8551371149728499,0.8551810396021732,0.8552262768812601,0.8552734831350003,0.8553197705338992,0.8553663204627538,0.8554115577418445,0.8554579764057209,0.8555046575995534,0.8555500261436177,0.855598282517168,0.8556464076257412,0.8556930888195722,0.85573871989359,0.8557864512072345,0.855834182520878,0.8558824388944274,0.8559285950283536,0.8559769826668795,0.8560258953653143,0.8560755956536062,0.8561256897368266,0.8561732897854963,0.8562219399539744,0.8562703275925014,0.8563176651112163,0.8563684155193206,0.8564190346624497
sdg3_births,0.9987079194875159,0.998704314834634,0.9987005404988326,0.9986966273315291,0.9986929301243275,0.9986892791942811,0.9986855202841869,0.9986818076512538,0.998677971612573,0.9986742898310789,0.9986705154952694,0.9986668491395028,0.9986631365065763,0.9986595472793921,0.9986559117750619,0.9986522454192952,0.998648501934926,0.9986449127077436,0.9986413543320128,0.9986374874418907,0.9986339290661543,0.9986302010075058,0.9986266272060501,0.9986230225531537,0.9986194641774194,0.9986158595245279,0.9986124399802672,0.9986088353273678,0.9986052306744773,0.9986015797444289,0.9985979133886577,0.9985943395872005,0.9985907966371821,0.9985873925186426,0.9985838495686273,0.9985802603414544,0.9985767790943145,0.9985732361442964,0.9985697548971597,0.9985664433329381,0.9985627461257277,0.998559218601428,0.9985558299086066,0.9985524103643485,0.9985490988001247,0.9985455558501072,0.9985422442858819,0.9985388401673412,0.9985352046630103,0.9985316925644344,0.9985282113172959,0.9985248380501897,0.9985213105258957,0.9985179526845132,0.9985143943087791,0.9985108976359197,0.9985074318145004,0.9985040431216801,0.9985006698545795,0.9984972811617576,0.9984939233203728,0.9984905192018315,0.9984872384890472,0.998483757241911,0.9984804456776865,0.9984770261334246,0.9984734986091282,0.9984700173619907,0.9984666286691714,0.9984632091249075,0.9984598975606817,0.9984566939764952,0.9984532435807979,0.9984498548879762,0.998446620452348,0.9984433243138433,0.9984399664724608,0.9984367011853967,0.9984331428096594,0.998429815819716
sdg3_fertility,0.948082242295186,0.9481577946604715,0.9482269013463928,0.9482975246627432,0.948367768821488,0.9484414253987178,0.9485188735520489,0.9485963217053788,0.948675665646751,0.948760696952264,0.9488468657306063,0.9489201431502302,0.9489998662492126,0.9490875516579914,0.9491725829635048,0.9492591308994549,0.9493506078843282,0.9494390516083278,0.9495274953323265,0.949615559898714,0.9497055202531506,0.949794722292367,0.9498839243315854,0.9499723680555827,0.9500687740893771,0.9501568386557632,0.950250590586293,0.9503481340929165,0.9504456775995419,0.9505485293126963,0.9506407646127883,0.9507356540161451,0.9508350933108153,0.950929982714172,0.9510263887479664,0.9511326528796044,0.9512313338590561,0.951336081360257,0.9514374164429744,0.9515368557376447,0.9516359158747049,0.9517315635932813,0.9518340361488253,0.9519376461771987,0.9520367063142589,0.9521376622393649,0.9522408931101295,0.952342228192847,0.9524435632755639,0.9525475524615465,0.9526519208051383,0.9527597015672145,0.9528606574923222,0.9529657841511319,0.9530720482827691,0.9531737625230956,0.9532739601329843,0.9533771910037478,0.9534895216571372,0.9535976815768223,0.9537031873932409,0.9538124847857555,0.9539229196510965,0.9540276671522974,0.9541358270719831,0.9542379204699194,0.9543453220743858,0.9544485529451495,0.9545593669681008,0.954664493626912,0.9547734118618154,0.9548880174608587,0.954996177380544,0.955100924881745,0.9552064306981655,0.9553202779819921,0.9554314711625526,0.9555445601311594,0.9556561324693297,0.95576732564989
sdg3_incomeg,0.12514505843107313,0.12069280866785553,0.11617102694525522,0.1116909643982849,0.10740559133758115,0.10310631188500152,0.09875140686491668,0.09446603380421251,0.0903614438378997,0.08602044520969147,0.08163772740585426,0.07729672877764544,0.07296963654131326,0.06872598265623821,0.06439889041990589,0.06022476849421177,0.05607845935227031,0.05190433742657628,0.04767458993337748,0.04341895106691116,0.03940552113110039,0.035735577976621184,0.03242976411332998,0.029472606708604163,0.026752881752068264,0.024406167337202866,0.022362405036188214,0.020689685052207876,0.019044818102958872,0.017543217400403623,0.016286547265039586,0.015136460280754932,0.014201700917145083,0.013440222153476306,0.012503317657363545,0.011572075619117182,0.010795930650274845,0.010121414126399298,0.009601620012671383,0.008965583310346683,0.008566294925587446,0.00801687511615761,0.007657151151683545,0.007330603896081229,0.00700261925972978,0.006580488111399877,0.006219706672825349,0.0059066749638297745,0.005582222966910943,0.00532122906477595,0.0051023504309313135,0.004834211191809716,0.004655238821644251,0.004345084933815034,0.0041571674410584595,0.004079427423198072,0.0038932729685715642,0.0036797473212254396,0.0035717561017549124,0.003332137398139502,0.0031684794882413554,0.003043346898265137,0.002880403303293237,0.0027488396912566577,0.002673973119114302,0.00252449651270996,0.002377938850394746,0.002306982636609511,0.002198570387567554,0.0020855562144277786,0.0020980794748225898,0.002052433754823772,0.002003594179118235,0.001914422934713779,0.0018306318014416941,0.001695116708125231,0.0016301661113805996,0.0016095192260761578,0.0015688715228368805,0.0015225320493731957
sdg3_matmort,0.9984016158450568,0.9984112937269067,0.9984224410145716,0.9984334752710184,0.9984432661840941,0.9984526049722962,0.9984640913536146,0.9984779513904836,0.9984910202088372,0.9985021674965033,0.998514219033905,0.9985270617898192,0.9985400175769571,0.9985515039582769,0.9985635554956775,0.9985761721891625,0.9985887888826481,0.9986023098258654,0.9986161698627309,0.9986262998694492,0.9986394817190182,0.9986531156934542,0.9986647151059892,0.9986782360492042,0.9986908527426908,0.9987027912488762,0.9987167643169592,0.9987298331353097,0.9987433540785264,0.9987590226148604,0.99877480418241,0.9987894554377926,0.998803993661959,0.9988176276363925,0.9988329570790756,0.998848512584191,0.9988624856522741,0.9988770238764425,0.9988924663503416,0.9989068915432908,0.9989217688611066,0.9989374373974405,0.9989552535268874,0.9989684353764559,0.9989846690688697,0.999000563667636,0.9990158931103201,0.9990309964905684,0.9990471287403357,0.9990627972766677,0.9990788297780521,0.9990942421706178,0.9991086190522483,0.9991253828722605,0.9991414170679072,0.9991580944223666,0.999176189355654,0.9991913041973289,0.9992085164993949,0.9992224841032621,0.9992358399339885,0.9992509226186395,0.9992655598198384,0.9992788587492829,0.9992950390560837,0.9993108603449866,0.9993273305356245,0.99934424803112,0.999359944978942,0.9993753446301585,0.9993899111386729,0.9994030687854665,0.9994150022417754,0.9994274409542785,0.9994411057030919,0.9994526095759592,0.9994674813353281,0.9994794435930472,0.9994906345565006,0.9995033905227704
sdg3_neonat,0.974784905124337,0.974972554423381,0.9751553536706534,0.9753284528143511,0.9755122220719822,0.9756940513088792,0.9758593903697024,0.9760480096791295,0.9762589392267982,0.9764436784947862,0.9766371478559835,0.9768180070825399,0.9770172965059097,0.9772059158153354,0.9774139353319167,0.9776442650867353,0.9778561646447582,0.9780379938816789,0.9782615335640024,0.9784714931012962,0.9786930927628932,0.97890402231056,0.979109131796078,0.9793355815094709,0.9795465110571265,0.9797768408119505,0.9800081405771418,0.9802248901869587,0.9804620100142895,0.980695249800187,0.9809197594928636,0.9811403891441134,0.9813687788782282,0.9816029886744833,0.9818304083982319,0.9820549180909107,0.9822978579804008,0.982523337683436,0.9827604575107685,0.9830014573795341,0.9832327571447219,0.9834708469824205,0.9836885666025875,0.9839295664713533,0.9841618362468962,0.9843814958877847,0.9846050355701068,0.9848402153767235,0.9850715151419065,0.9852979648553003,0.985515684475473,0.9857547443235252,0.9859938041715752,0.9862251039367597,0.9864602837433787,0.9867003136017911,0.9869335533876931,0.9871512730078603,0.9874033475198722,0.9876191381456377,0.9878521101069059,0.9880828136496462,0.9882906767464873,0.9885270636467121,0.9887403005087037,0.9889737433893155,0.9891910895968253,0.9894384533314293,0.9896621695238239,0.9898819762182575,0.9901190711210741,0.9903206785828992,0.9905193215595235,0.9907380031087132,0.9909473006409596,0.9911532619354583,0.9913723026969218,0.9915595717868471,0.9917584654427498,0.991966350897469
sdg3_smoke,0.5812663929994466,0.5827233613074845,0.5842758316901453,0.5856372979235848,0.5870575346644769,0.5887348923754718,0.5903020553849931,0.5917810626333364,0.5933114940757017,0.5948566181449296,0.5963135864529773,0.5979615589102472,0.599543414546632,0.6011840406904708,0.6029422078492147,0.6046783360676621,0.606333654838364,0.6079155104747497,0.609534097678293,0.6111747238221305,0.6129402372943049,0.6145955560650059,0.6163610695371821,0.6180971977556309,0.6197672091531942,0.6215841468193903,0.6232761971572499,0.6250270180025612,0.6267337609672842,0.6284184649917115,0.6302354026579077,0.6320303013838079,0.6337590832888252,0.635407055746095,0.6371652229048382,0.6388719658695605,0.6407770592969365,0.6425939969631317,0.6445137830173695,0.6465437637730819,0.6485663982153613,0.6505082232098935,0.652501472398448,0.6542302543034645,0.6562088108651553,0.6580992116656678,0.6600704219139266,0.6619755153413012,0.6639173403358335,0.665954667404977,0.6678964923995097,0.6697648542597271,0.6718536055228908,0.6738688936517395,0.675913567034315,0.6779802793571844,0.6799514896054437,0.6819373924805652,0.6839600269228459,0.6859459297979676,0.687836330598479,0.6898516187273278,0.6919183310501974,0.6939409654924775,0.6960370630690738,0.6981111217053745,0.7002586434759908,0.7023988189331757,0.7045757259575205,0.7067305940415683,0.7089075010659116,0.7110256375828024,0.7131364277862607,0.7152251790494253,0.7175122807752424,0.7197259193667436,0.7218293632567707,0.7239401534602306,0.726153792051731,0.7283233527626425
sdg3_swb,0.7131206018729221,0.7137171463565648,0.7143105174941475,0.7148372483647971,0.715392539349848,0.7159478303348997,0.7165126413580868,0.7170711056891826,0.7175883165216986,0.7181182207383947,0.7187242852601579,0.7194128567790828,0.7200316146850236,0.7206567192830552,0.7212913439192211,0.7218625016344934,0.7225098196548391,0.7231254042147358,0.7237505088127675,0.7243756134107993,0.7249721578944296,0.7256353426449973,0.7262794873192945,0.7269299786856828,0.7276026834743813,0.7282309614184566,0.7288941461690237,0.7295414641893658,0.730233209054333,0.7309281272653451,0.7316452588986677,0.7323560438399018,0.7330382686667349,0.7337649203381925,0.7344757052794263,0.7351420633760369,0.7358306348949594,0.7365065130297037,0.7372712448536954,0.7380010698711957,0.7386452145454938,0.7393972529853069,0.740127078002809,0.7408315162519545,0.7415391278471435,0.7423228997474022,0.7430273379965461,0.7437603363600925,0.7444711213013258,0.7452834533159856,0.7459847182190859,0.7467431033509888,0.7474697550224458,0.7482154467701695,0.7489928719783373,0.7497544304562856,0.7506016692774341,0.7514076546000049,0.7522009465383964,0.7529656783623876,0.7536986767259338,0.7544538885117916,0.7551456333767586,0.7559833521597739,0.7567607773679427,0.7575413759221565,0.7583346678605489,0.759096226338496,0.759832398048086,0.7605939565260326,0.7613745550802468,0.7621964071330397,0.7629071920742736,0.7637544308954234,0.7645445494877702,0.7653378414261623,0.7661501734408219,0.7669688521475698,0.7677653174320065,0.7685903428308437
sdg3_tb,0.998029536453828,0.9981098323637445,0.9981712583962116,0.9982285822813955,0.998295341105309,0.9983596386408707,0.9984251668206109,0.9984993095096117,0.9985672989777095,0.9986418518814366,0.99871476392626,0.998791778118353,0.9988611624479269,0.9989257170317619,0.9989911257610404,0.9990417090812543,0.9990886335811229,0.9991384843778759,0.9991816881715654,0.9992156207738987,0.9992512977764287,0.9992864976240233,0.9993208318849498,0.9993524952477493,0.9993812660296527,0.9994064946557207,0.9994298050126024,0.9994534497277205,0.9994742013875311,0.9994943641528926,0.9995079699988566,0.999533364785212,0.9995556035510508,0.9995771206179909,0.9995991928656344,0.9996195524905576,0.9996405657830943,0.9996599431674673,0.999672254547149,0.9996863448882064,0.9997030207659396,0.9997167887831445,0.9997313377307527,0.9997450080956053,0.9997608560894607,0.9997724676826117,0.9997832435431706,0.9997947532641527,0.9998088585269308,0.9998203007039164,0.9998288541725456,0.9998352127962733,0.9998402990038586,0.9998493885010187,0.999857268906218,0.9998653199222907,0.9998732219962156,0.9998802158769494,0.9998849460469375,0.9998907361230949,0.9998948135765315,0.9998988289111282,0.999905723807028,0.9999070461911191,0.9999146169212804,0.9999171769401985,0.9999224529001935,0.999924039454833,0.999925324159639,0.9999274455481021,0.9999312430747089,0.999934232333387,0.9999369182932463,0.9999411773137394,0.9999437089169296,0.9999471123558726,0.9999489074443123,0.9999504507780063,0.9999536309944356,0.9999567339053916
sdg3_traffic,0.9159080523239171,0.9171596411117929,0.918312779075928,0.9194601258151434,0.9206306374540546,0.9219227648164057,0.9232091009538358,0.9243680301428998,0.9255906628061472,0.9269117462931258,0.9282617859047345,0.9294902097929043,0.9308170845048095,0.9321960802410469,0.9335229549529557,0.9348208735402337,0.936199869276471,0.9374862054138968,0.9389057397246142,0.9403021091356263,0.9417100609964916,0.9430311444834719,0.9444912173686693,0.9458991692295348,0.9473360772150279,0.9488308974497772,0.9502156844109412,0.9516525923964344,0.9531705775308864,0.9546885626653401,0.9561718004502386,0.9576492470102121,0.9591556496948136,0.9606215138049349,0.9619761196030532,0.9631992276848725,0.9643845381395921,0.9654909572774102,0.9665522982621308,0.9676435822098984,0.9687284575988575,0.969756470404233,0.97062930082527,0.97147145546945,0.9724866153740312,0.9733206688512522,0.9741834143629551,0.9749795736468331,0.9757576898780769,0.9765803999957005,0.9773784363901686,0.9782416304944593,0.9789884881807422,0.9797285496077434,0.9804236840357052,0.9810581106792183,0.9817075577505987,0.9824051502311608,0.9830160612750722,0.9836668120367348,0.9843021734746934,0.984893045223264,0.9853577271039993,0.9858774315673451,0.986477894501692,0.9870010181384189,0.9874901189999581,0.9879754186832511,0.9884629386553319,0.9889415474937323,0.989367054164989,0.9897788390117521,0.9902637497771775,0.9906880775858746,0.9910929362587281,0.991411118581837,0.9917965301842938,0.9921476430297838,0.9924545830377508,0.992723207194819
sdg3_u5mort,0.9873903029525617,0.9875071607011945,0.9876067217748614,0.9877072712299529,0.9878122684014664,0.9879217132894013,0.988027204651631,0.9881341785860007,0.9882347280410937,0.9883441729290324,0.9884511468634015,0.9885596033699108,0.9886804146442547,0.9887992491557478,0.9889131417601025,0.9890285169366007,0.9891438921130973,0.9892508660474685,0.9893682179868188,0.9894905118333037,0.9896014392933792,0.9897212621862986,0.989828730311381,0.9899539893021462,0.9900802366743369,0.9902079666186709,0.9903401442794265,0.9904683684144724,0.9905956041680916,0.9907248166845641,0.9908530408196097,0.9909901603874961,0.9911317276718039,0.9912584692347096,0.9913931178490306,0.9915312257983437,0.991669333747657,0.9918138661762449,0.9919559276512673,0.9920945297912954,0.9922375796477422,0.9923786527413371,0.9925157723092245,0.9926607989285261,0.9928082965013946,0.9929419567342886,0.993085006590737,0.9932320099728923,0.9933706121129192,0.9935136619693669,0.9936537466815338,0.9937958081565541,0.9939423173479983,0.9940804252973122,0.9942219925816207,0.9943645482473557,0.9945135283923645,0.9946580608209519,0.9947971571516923,0.9949361254817988,0.9950663237358172,0.9951952598662559,0.9953256104894757,0.9954456727890637,0.9955658118499159,0.9956808599906702,0.9957947311796296,0.9958989853954597,0.9960047989446941,0.9961118582374401,0.9962190475002488,0.9963233856497432,0.9964220737128695,0.9965213228927429,0.996621988787259,0.9967239232653964,0.9968160524714216,0.9969125529887807,0.9970055097965116,0.9970846064241559
sdg3_vac,0.9243147868547226,0.9236926019527343,0.9230946155644796,0.9224697419387412,0.9218448683130002,0.9212495706484856,0.9206623391552138,0.9200509091482129,0.9194583002074455,0.9188791348854076,0.9182999695633717,0.9177369365838198,0.9171523938142909,0.9165355863597966,0.9159456661427755,0.9153745669919809,0.9148437986973899,0.91427001082285,0.9137446199757547,0.9131439448637433,0.9125674682654527,0.9120017465621554,0.9114360248588549,0.9108461046418322,0.9102588731485555,0.9097307935777134,0.9091166748469663,0.9085482644199183,0.9080148074015836,0.9074571518695248,0.9068537880337671,0.9062773114354783,0.9057411656933941,0.9051915763325757,0.9046177884580345,0.9040681990972164,0.9035024773939185,0.9029824639943148,0.9024113648435208,0.9018563980352085,0.9013552057018359,0.9008271261309925,0.900288291665164,0.8997413910280915,0.8992106227335023,0.8986879206101533,0.8981490861443233,0.8975726095460355,0.8970283976327106,0.8964976293381212,0.8959561061485444,0.8953957618927373,0.8948515499794134,0.8943207816848227,0.8937658148765119,0.8932323578581746,0.8927257880773093,0.8922514829814062,0.891790621504239,0.8912974953421059,0.8907828593899985,0.8902628459903963,0.8897912296182423,0.8892712162186381,0.888745825371545,0.8882231232481957,0.887695043677354,0.8871777190014981,0.8866684604968846,0.8861645794397649,0.8856741420013815,0.8851406849830452,0.8845857181747319,0.8840872145651055,0.8835698898892516,0.8830633201083852,0.8825540616037707,0.8820878226791109,0.8815758754507494,0.8810477958799063
sdg4_earlyedu,0.9172788790525153,0.9174661311397265,0.9176408706933585,0.9178030977134002,0.9179983935721899,0.918176708135415,0.9183630664702299,0.9185503185574357,0.918748295673424,0.9189346540082357,0.9191397811434163,0.9193252457258257,0.9195017727842507,0.9196890248714608,0.9198861082350506,0.9200921291226284,0.9203070875341943,0.9205122146693742,0.9207343231001267,0.9209501752640894,0.9211517273896772,0.9213640045440443,0.9215664504220291,0.9217840900907882,0.9219874297211722,0.9222113256567218,0.92243075283028,0.9226457112418448,0.9228731821869897,0.9230943968653441,0.9233209740580911,0.9235484450032352,0.9237848534723655,0.9240087494079156,0.9242281765814748,0.9244538600218225,0.9246714996905817,0.9249141644265034,0.9251183978092845,0.925360168792807,0.9255858522331545,0.925829410721474,0.9260667129430032,0.92629329013575,0.9265296986048808,0.9267607445596205,0.9270105593147309,0.9272389240122735,0.9274726512242086,0.9277072721885422,0.927954405686456,0.9281800891268044,0.9284299038819144,0.9286698873606393,0.9289036145725734,0.9291489605656915,0.9293853690348219,0.929627140018344,0.9298715922590616,0.9301053194709976,0.9303399404353319,0.9305826051712531,0.9308234824023764,0.931076872167081,0.9313284744269883,0.9315782891820978,0.9318209539180187,0.9320725561779257,0.9323286271998261,0.9325927419933141,0.9328550692820039,0.9331156090658955,0.9333689988306,0.9336152385761163,0.9338409220164652,0.9340987805431608,0.934345020288676,0.9345948350437868,0.9348571623324776,0.9351069770875867
sdg4_primary,0.9959683528802433,0.9959681605991778,0.9959679697309384,0.995967773211372,0.9959675703340717,0.9959673837043381,0.9959672062580152,0.9959670175090318,0.995966818163807,0.9959666343597403,0.9959664441979214,0.9959662639259322,0.9959660843603657,0.9959659118589655,0.9959657351190614,0.995965552021409,0.9959653703365905,0.9959651999544371,0.995965013324704,0.9959648401168822,0.9959646753860585,0.99596449370124,0.9959643176677553,0.9959641465791831,0.9959639811419438,0.9959638128790397,0.9959636389648028,0.9959634827109751,0.9959633193929842,0.9959631504236642,0.9959629814543423,0.9959628414480935,0.9959626915520153,0.995962523995527,0.9959623585582883,0.9959621994787965,0.9959620241517262,0.9959618671914832,0.9959617123504917,0.9959615341977553,0.995961377943929,0.9959612202772699,0.9959610654362773,0.9959608992926217,0.9959607423323802,0.9959605959683836,0.9959604383017244,0.9959602876992314,0.9959601399224022,0.995959989319907,0.9959598408366628,0.9959596888213351,0.9959595410445083,0.9959593939740962,0.9959592313625218,0.9959590920626912,0.9959589365152814,0.9959587753165398,0.9959586169434648,0.9959584790564673,0.9959583291603892,0.9959581827963935,0.9959580611569746,0.9959579126737296,0.9959577726674823,0.9959576305419849,0.9959574919485715,0.9959573519423235,0.9959572076975771,0.9959570655720799,0.9959569227401673,0.9959567799082537,0.9959566441405049,0.9959564984829257,0.9959563549445959,0.9959562121126825,0.9959560756385186,0.995955941283602,0.9959557970388561,0.9959556527941094
sdg4_second,0.6908091686442293,0.6905816126189332,0.6903438644647534,0.6901173276523498,0.6898816179239512,0.6896510042599874,0.6894132561058082,0.6891806040160666,0.6889499903521167,0.6887336456686068,0.6884989551530966,0.6882632454246868,0.688026516483398,0.6878030373096614,0.6875744620714888,0.687343848407528,0.6871142539564662,0.6868805826538336,0.6866550650543325,0.6864244513903692,0.6861938377264182,0.6859764738300183,0.6857499370176281,0.68552849626967,0.6853060363088352,0.6850917300511041,0.684870289303162,0.6846457909165347,0.6844212925299208,0.684199851781967,0.6839814686726892,0.6837620663505116,0.6835355295381171,0.683318165641722,0.6830916288293263,0.6828732457200394,0.6826569010365395,0.6824242489468019,0.6822079042633009,0.6819803482380089,0.6817538114256138,0.6815262554003234,0.6812986993750362,0.6810925468204263,0.680878240562705,0.6806537421760845,0.6804384167054706,0.6802241104477477,0.6800261115962563,0.6797985555709677,0.6795750763972368,0.6793628085652945,0.6791423870302309,0.678919927069391,0.6787015439601081,0.6784892761281658,0.6782831235735549,0.6780545483353778,0.6778596071225552,0.6776473392906127,0.6774381290973334,0.6772248420525009,0.6770064589432172,0.6767850181952685,0.6765768272148781,0.6763696554473847,0.6761573876154378,0.6759471582092736,0.6757267366742091,0.6755358723129479,0.675329719758338,0.6751225479908424,0.674918433862012,0.6746990315398427,0.674495936623901,0.67427755351462,0.6740714009600117,0.6738581139151788,0.673650942147679,0.6734305206126191
sdg4_tertiary,0.4539717712003721,0.4568600124056595,0.4597223704180582,0.46242942927319236,0.4650070721639294,0.4677917805976981,0.4708223793638142,0.4737882701477365,0.4768576937031775,0.4798235844870997,0.482828300060337,0.48594949000153437,0.4887989064175023,0.4919071547622589,0.4948212791604198,0.4977612867514637,0.5009342430784199,0.5038483674765825,0.506956615821338,0.5099225066052611,0.5132378204930518,0.5164625432057629,0.5197131491113539,0.5229896382098258,0.5261755361332214,0.5295684995996468,0.5328708718909961,0.5361085362001492,0.539566207648774,0.5429979959045185,0.5461191858457153,0.5493697917513073,0.5528404047963712,0.5562721930521171,0.5597428060971803,0.5632910687208821,0.5667746233623857,0.5702193532145701,0.5735087839094806,0.5769923385509844,0.5804629515960491,0.5837653238873993,0.5874300608790546,0.5910689146778342,0.5946430604944146,0.598527804625544,0.6021019504421236,0.6057666874337816,0.6095996651791535,0.6131349862064143,0.6167997231980712,0.6205550513648053,0.6242068467600231,0.6280527661018344,0.6317045614970513,0.6352010577349944,0.6389952106910474,0.6427764220506608,0.6465705750067121,0.6503388447698867,0.6541977057081372,0.6579142090855525,0.6618118948131211,0.6657225221371298,0.6695166750931821,0.6734014192243108,0.6775061704949132,0.6814167978189215,0.6853662499322489,0.6891862860811806,0.6930710302123099,0.6970593071149556,0.7011640583855578,0.7049582113416091,0.708959429840696,0.7130253563219785,0.7169748084353056,0.7210925013023467,0.7252231357658272,0.7293667118257474
sdg5_edat,0.7131021628466669,0.7131046454923408,0.71310640023107,0.713108461456942,0.7131103694392394,0.7131122391106433,0.7131139172276032,0.7131163998732681,0.7131187292753743,0.7131220547606567,0.7131251120696945,0.7131283609331941,0.7131320695273874,0.7131358164324723,0.7131391802286438,0.7131420459832287,0.7131457928883125,0.7131490417518095,0.7131527503460038,0.7131563056966334,0.713159899358151,0.7131637611959111,0.7131673931683218,0.7131716764258849,0.7131761512379075,0.7131798598320997,0.713183874913424,0.7131883880363377,0.7131923648067696,0.7131964181989846,0.7132009696327892,0.7132055976883752,0.7132099575677214,0.713214700555982,0.7132195584769156,0.713224607952307,0.7132295808059149,0.7132353198773482,0.7132404459745225,0.7132459934915035,0.7132513111431313,0.7132557859551522,0.713261026985002,0.7132669193000006,0.7132721603298485,0.7132780909557418,0.7132836001618265,0.713289645720394,0.7132954231027213,0.7133008556870233,0.7133065181366773,0.7133120273427658,0.7133173449943935,0.7133231223767212,0.7133293594897451,0.7133360180225701,0.7133416421613331,0.7133479558961382,0.7133536183457895,0.7133597788370313,0.7133657094629231,0.7133708738709863,0.7133769194295544,0.7133828117445545,0.713389393655598,0.7133950561052514,0.7134012549073823,0.7134077601966446,0.713414380418582,0.7134205025989286,0.7134259351832338,0.7134323638507141,0.7134387158964103,0.7134451062529982,0.7134516498531528,0.7134586914948924,0.7134652734059375,0.7134716254516345,0.7134778625646571,0.7134839847450063
sdg5_lfpr,0.7308917137449953,0.7310764969023725,0.7313472083535024,0.7316094678413122,0.7318956745585191,0.7321917418996075,0.7324807659379302,0.7327895112239947,0.7330841699045315,0.7333886892089415,0.7337101124399854,0.7340146317443944,0.7343276030121232,0.7346109924082314,0.7349493195659175,0.7352566561914342,0.7355470888903104,0.7358347042680752,0.7361716227652114,0.7364775507301742,0.7367947479795585,0.7371077192472881,0.737429142478338,0.7377392964249575,0.7380508590321309,0.7383891861898204,0.7386908881731219,0.7390137200647202,0.739333734635217,0.7396495232240539,0.7399709464550995,0.7403106822733411,0.740626470862178,0.7409647980198637,0.741287629911464,0.7416104618030668,0.7419572409240754,0.7422955680817616,0.7426592511294111,0.7430229341770602,0.743355626692533,0.7436897278685621,0.7440125597601637,0.7443522955784043,0.7446863967544323,0.745043036499315,0.7454024935653022,0.745757724649629,0.7460918258256589,0.7464357876255605,0.7467910187098866,0.7471518844364294,0.7475169761446322,0.7478834765133854,0.7482584288454605,0.7486192945720029,0.7489886122618641,0.7493410260250847,0.7497033004121799,0.7500613488176142,0.7504292578469217,0.7507887149129111,0.7511566239422193,0.7515442542192734,0.7519276585146693,0.7522927502228702,0.7526648852338379,0.7530482895292331,0.753411972576882,0.75379678553283,0.7541914591126511,0.7545762720686,0.7549554503823352,0.7553613932465828,0.7557349369181033,0.7561352451401387,0.7565228754171937,0.7569006450703752,0.7573023619529647,0.7577111221383188
sdg5_parl,0.3461538461538422,0.3472495851826041,0.34835593698112266,0.3495153526284308,0.3506535427362238,0.3519084733113512,0.35302543787962753,0.35409995136887285,0.3554185585625432,0.3565142975913044,0.3578647430942506,0.35907722259034275,0.36025786377716323,0.361671985898655,0.3628420143157202,0.3640544938118142,0.36536248823572826,0.3667023209689166,0.36804215370210547,0.36923340765868684,0.3703822105362369,0.3715734644928178,0.3727753312191551,0.3742319044196768,0.3755823499226223,0.37699647204411413,0.3782726281587535,0.3796655247407279,0.3809310680856111,0.38239825405589106,0.38375931232859367,0.3851097578315386,0.38648142887399994,0.38781064883743105,0.3892990603472277,0.39071318246872033,0.39188321088578565,0.3932442691584888,0.3945734891219188,0.3959451601643797,0.39732744397659764,0.39876279163760325,0.40030426699618604,0.4018245168152536,0.40334476663432134,0.404918080302178,0.4062366874958502,0.4078100011637077,0.4091073828178654,0.41080804972281604,0.4123070740023702,0.4138591621307126,0.41519899486390055,0.4167935340712731,0.4183350094298574,0.41998261248601854,0.42167266662120845,0.42315046536124523,0.42461765133152446,0.42612728838083413,0.427689989278933,0.42915717524921276,0.4307835527658586,0.4322719642756551,0.4339407928713325,0.4352806256045212,0.43709803297680605,0.4387244104934522,0.4401809836939748,0.44169062074328574,0.44323209610186975,0.44480540976972577,0.4462407574307317,0.4477503944800415,0.44921758045032045,0.45080150688793463,0.4524597227138528,0.4540542619212256,0.4558716692935104,0.4574449829613683
sdg5_paygap,0.6879892004866195,0.6881989204209885,0.6883044980546895,0.6884209562272721,0.6885280882236706,0.6886328886760309,0.6887477924859167,0.6888572560263602,0.6889915893699526,0.6891282542575896,0.6892618104198323,0.6893938122193803,0.6895211509308344,0.6896492668236394,0.6897859317112777,0.6899241509616085,0.6900538212171112,0.6901990350995777,0.6903356999872143,0.6904677017867609,0.6906206874827101,0.6907728959973128,0.6909204414238236,0.6910547747674147,0.6912062061006686,0.6913529743458314,0.6914904164148163,0.6916387390226769,0.6917893931745799,0.6919594768601927,0.6921186800069287,0.6922724428842272,0.6924293144869181,0.692571419643992,0.6927360630601661,0.6928921574815092,0.6930498062655482,0.6932035691428464,0.6933588863828402,0.6935165351668804,0.693669520862829,0.6938225065587799,0.6940081338713571,0.6941665598367451,0.694331980434267,0.6944927379436991,0.6946667075360522,0.6948367912216649,0.6950138695394106,0.6951823988623257,0.6953517053665894,0.6955031366998429,0.6956786606548919,0.6958386409829752,0.6960133877566776,0.6961873573490307,0.6963543323092491,0.696527524720254,0.6966983855872138,0.6968777954490054,0.6970502106786614,0.6972094138253978,0.6973833834177504,0.6975721194557208,0.6977328769651534,0.6979045150134622,0.6980676040669389,0.698239242115247,0.698420206339735,0.6986042792896159,0.698798455597024,0.6989786426401632,0.6991533894138638,0.6993343536383525,0.6995230896763215,0.6997048310821585,0.6998889040320394,0.700083080339446,0.7002718163774172,0.7004426772443769
sdg6_safesan,0.9633669209082465,0.9636614997580816,0.9649378542137279,0.9663072189899177,0.967593907925627,0.9689012658214513,0.9702292926774057,0.9716399953738435,0.972916349829494,0.9742702128856022,0.9756395776617959,0.9770192769180558,0.9783628054940952,0.9798406823109399,0.9811687091668883,0.9825225722229964,0.9840624559202031,0.9854609711965052,0.9867417033922756,0.9877714857750466,0.9886663380080764,0.9894969297878974,0.9901225554820449,0.9907415033644994,0.9913149216763474,0.991945704834299,0.9924904579690355,0.9928950257713449,0.9933942318293447,0.9937390130573157,0.9940311108168585,0.9943719821025921,0.9946904920599688,0.9950355157258317,0.995343303059667,0.9956880438844843,0.9959453298454385,0.9961711619823017,0.9963824439588005,0.9966050905887263,0.996851931842482,0.9970064249705611,0.9971320181403663,0.9972868283818451,0.9974396051117451,0.9975473850603581,0.9976476393408796,0.9978056733729553,0.9979185774264153,0.9980397785834046,0.9981760741385891,0.9982598626310336,0.9983434671342317,0.9984325953342674,0.9984970469130646,0.998585908718441,0.9986681849669413,0.9987467515624848,0.998785014276102,0.998831707290577,0.9988626954172974,0.998924847016681,0.9989491671811123,0.9990251166106655,0.9990541497662679,0.99907076027336,0.9991125524424648,0.9991194906643679,0.9991594965381366,0.9991878004069161,0.9991947146720523,0.9992123476957773,0.9992723996050266,0.9993153398313618,0.9993387351980387,0.999349833456804,0.9993467227717231,0.9993722494420326,0.9993978345609893,0.9993965772631956
sdg6_safewat,0.9809186892823736,0.9811073118038988,0.9812627535482461,0.9813864571579237,0.9815310790836312,0.9816547826933056,0.9817943553703222,0.9819389772960291,0.9820821565792583,0.982223171898758,0.9823598592907993,0.9825066451802368,0.9826685788157723,0.9828132007414874,0.9829621505946514,0.9831111004478192,0.9832708701196282,0.9834291971489496,0.9835860815357867,0.9837494578138068,0.983913555413071,0.9840747677273609,0.9842374226841405,0.9843957497134619,0.9845749950588224,0.9847470271917553,0.9849024689361054,0.9850687304990977,0.9852328280983607,0.9854048602312936,0.985573285758013,0.9857359407147896,0.9859079728477239,0.9860785623381704,0.9862433812586764,0.9864089215004249,0.9865888881670283,0.9867623629424443,0.9869343950753764,0.9871107551357683,0.987302984263492,0.987472131111454,0.9876470485293599,0.9878327857659017,0.9880141950749881,0.9881970470265613,0.9883849482268336,0.988575734712074,0.9887636359123445,0.9889479305064025,0.9891293398154904,0.9893179623370034,0.9895109127859735,0.989701699271216,0.9898888791502429,0.9900702884593303,0.9902596323020879,0.9904388776474464,0.9906238935627473,0.9908197292966868,0.9910126797456559,0.9912041875521405,0.9914079578197499,0.9916081214811466,0.9917919886963341,0.9919781264478172,0.9921417386336824,0.9923172073445482,0.9924789645368232,0.9926339623178942,0.9927953160927003,0.9929704249763126,0.9931278245323745,0.9932719353794519,0.9934295596277468,0.9935769139726954,0.9937301792071116,0.9938637865249723,0.99400851355078,0.9941556983931978
sdg6_sanita,0.991349967763707,0.9913492524392937,0.9913485976928669,0.9913479883799635,0.9913473437298962,0.9913466435499784,0.9913460039480531,0.991345374442488,0.9913447095997466,0.9913441255276575,0.9913435313592547,0.9913428311793511,0.9913422016737778,0.991341557023685,0.9913410082887852,0.9913403585905519,0.9913396786033055,0.9913389733752103,0.9913382984361351,0.9913376638824021,0.9913370192323241,0.9913363493413981,0.991335719835829,0.9913351105229288,0.9913345214026825,0.9913339524751049,0.991333292680534,0.9913326833676301,0.9913320841510443,0.9913315152234735,0.9913308705734062,0.9913302259233304,0.9913296216585751,0.9913289820566697,0.9913283676956043,0.9913277735271976,0.9913271490697759,0.9913265498532075,0.9913259152994726,0.991325346371897,0.9913248077333192,0.9913242186130863,0.9913236799745228,0.9913230858061087,0.991322577456538,0.991321952999137,0.9913213537825672,0.9913207293251454,0.9913202108792462,0.991319591470013,0.991318967012604,0.9913183223625177,0.991317692856943,0.9913171138330455,0.991316494423802,0.9913159305443878,0.9913153666649889,0.9913148381227608,0.9913142641470167,0.99131371036394,0.991313161629044,0.9913125119308049,0.9913119228105572,0.9913113488348158,0.9913108000999197,0.9913101554498447,0.9913095915704314,0.9913090428355286,0.9913084537152966,0.9913078393542202,0.9913072855711419,0.9913067519807433,0.9913061426678431,0.9913055838366004,0.9913049846200207,0.9913043500662833,0.9913037659942165,0.9913032172593084,0.991302628139062,0.9913020794041661
sdg6_scarcew,0.954391334136062,0.954174498412296,0.9539812693100158,0.9537943958365689,0.9536038905752243,0.9534215568366764,0.9532319595223008,0.9530550734656443,0.952871831780124,0.9527040251932581,0.9525235073486776,0.9523475292389965,0.9521815385460837,0.9520028365954627,0.9518250425918193,0.9516572360049522,0.9514867055771447,0.9513061877325635,0.9511247619410035,0.9509397043615253,0.9507610024109018,0.9505877481421594,0.9504126779794547,0.9502321601348758,0.9500452866614407,0.949852057559148,0.9496715397145679,0.9494873900820656,0.949321399389157,0.949149053067393,0.9489776146926076,0.9488107160527174,0.9486374617839729,0.9484687472501243,0.9482936770874207,0.9481122512958621,0.9479253778224233,0.9477503076597208,0.9475761454439972,0.9474128785920262,0.9472350845883847,0.9470600144256816,0.9468885760508918,0.9467225853579833,0.9465475151952804,0.9463742609265369,0.9462128099685241,0.9460431874876959,0.9458826444766631,0.9457157458367752,0.9455433995150098,0.9453646975643868,0.9451878115077244,0.9450109254510628,0.944837671182319,0.944677128171286,0.9445174931072299,0.9443487785733822,0.9441728004636992,0.9439986382479766,0.9438253839792308,0.9436466820286107,0.9434888628585144,0.943313792695811,0.9431487099498812,0.9429691000522817,0.9427976616774942,0.9426307630376046,0.9424629564507381,0.9422978737048082,0.9421373306937764,0.9419513651673164,0.9417708473227349,0.9416130281526414,0.941446129512755,0.9412828626607835,0.9411105163390175,0.9409436176991283,0.9407712713773628,0.9406052806844536
sdg6_water,0.9987403170781582,0.9987453321851284,0.9987493518381003,0.998753928945311,0.9987588245978078,0.9987638397047818,0.9987696511749259,0.9987749450090063,0.9987803184794115,0.9987856521316554,0.9987915432381277,0.998798151071468,0.9988042412687409,0.9988098934662581,0.9988169392993529,0.9988235869508563,0.9988295576936437,0.998835448800118,0.9988415788155511,0.9988481468307336,0.9988548343003936,0.998861720860851,0.9988685676031503,0.9988757328907245,0.9988825796330222,0.998888908739249,0.9988959943905054,0.9989035976778298,0.9989110815106796,0.9989182866164148,0.9989259297218975,0.9989331348276317,0.998941016842076,0.9989485404930837,0.9989563428712077,0.9989642647038074,0.9989719476274556,0.9989800685508575,0.9989875125655407,0.9989954343981448,0.9990033164125889,0.9990115169723062,0.999019637895703,0.9990281570006969,0.9990360390151414,0.9990442395748594,0.9990529577706461,0.9990613574211625,0.9990698367079963,0.9990781169040303,0.9990865165545466,0.9990948763869024,0.9991038334916487,0.9991121535058436,0.9991220264282552,0.9991312224419571,0.9991404184556595,0.9991494153785648,0.9991580937561972,0.9991671703154192,0.9991760079656868,0.9991849650704362,0.999194081447816,0.9992037154612717,0.9992123142025849,0.9992208731257375,0.9992301885939174,0.9992396633347331,0.9992488991665979,0.9992578562713452,0.999266893012405,0.9992760890261085,0.9992858424940452,0.9992948394169494,0.9993049114301565,0.9993141472620193,0.9993240201844321,0.9993339727431637,0.9993440447563687,0.9993539574969423
sdg7_cleanfuel,0.9733146503886057,0.9736805661971413,0.9740504336748061,0.9744637695130655,0.9748237578178668,0.9752153594758399,0.9756385744869613,0.9760558619943687,0.9764889561783624,0.9769141470240608,0.9773314345314683,0.9777744078883261,0.9782055262377412,0.9786484995945914,0.9790756662748692,0.9795344463083014,0.9799734679960053,0.9804263205257198,0.9808949797320237,0.9813616631037448,0.9818066122951687,0.9822673681631785,0.9827221965274664,0.9831987590720525,0.9836654424437796,0.9841321258155029,0.9846027608563707,0.9850714200626725,0.9855716926221298,0.9860541826704323,0.9865248177113003,0.9870231144361935,0.987535242003084,0.9880532970736944,0.98855554546773,0.9891071897260763,0.989652906480704,0.9901729373858915,0.9905695212548925,0.9909263268594831,0.9912357668702575,0.9915299262597862,0.9918247044205402,0.9920901375927578,0.992372126279036,0.9926441172308091,0.9929103188082712,0.9931863572322265,0.9934209833705835,0.9936422643260034,0.9938552394666902,0.9940657556487791,0.9942596739375998,0.9944715638614358,0.9946629743779248,0.9948395024938338,0.9950323409902121,0.9952145409308902,0.9953795535587219,0.995552708932549,0.9956916523950995,0.9958472678583024,0.9959913986023425,0.9961100152846228,0.9962289714862606,0.9963722357904383,0.996512773241835,0.9966420758234359,0.9967456147973736,0.99688077614688,0.9969791513594065,0.9971033512085636,0.9972181532353117,0.9973064734821366,0.9974143930111048,0.9975012176580206,0.9976088131265467,0.9977034424193535,0.9978059254752463,0.9978898875713287
sdg7_co2twh,0.9891692573896762,0.9892090496879993,0.9892419651799663,0.9892758184182506,0.9893096716565324,0.989347588462218,0.9893886310889737,0.9894268604767625,0.9894647772824441,0.9895045695807703,0.9895459247896355,0.989589780655358,0.9896348868495105,0.9896824937005264,0.9897310382978622,0.9897827087162705,0.9898271897462111,0.9898760469256521,0.9899336564041081,0.9899815758372261,0.990035746912496,0.9900883550772316,0.9901390877493187,0.9901920084961585,0.9902486802282888,0.9903012883930224,0.9903554594682913,0.9904096305435638,0.9904653645293686,0.9905214110972841,0.9905793331578467,0.9906391307110498,0.9906933017863216,0.9907502861005598,0.9908091459074398,0.9908676931322165,0.9909265529390993,0.9909860379101947,0.9910486487023678,0.9911137601513993,0.9911779338541076,0.9912386691536382,0.9912997170352714,0.9913613900811212,0.991424626037509,0.9914963017107968,0.9915661018914418,0.9916365272363007,0.991705389670621,0.9917748772691594,0.9918465529424471,0.9919176034515197,0.991989904289026,0.9920575163949158,0.9921223152618418,0.9921939909351295,0.9922669169368479,0.9923398429385677,0.9924115186118573,0.9924841320314666,0.9925564328689712,0.9926284211243687,0.9927029100366226,0.9927717724709462,0.9928412600694823,0.9929123105785553,0.992982423341307,0.9930537864324891,0.993129525673176,0.9932030768391099,0.993278816079794,0.9933514294994059,0.9934259184116636,0.9935029079807776,0.993578647221463,0.9936550116263655,0.9937341892702326,0.9938133669141027,0.9938916068116473,0.9939657831417968
sdg7_ren,0.1069233745642748,0.10765248240745608,0.10833032113655995,0.10895119418335909,0.10954928095723426,0.11015876086757195,0.11082805474433105,0.11145747264347518,0.11214670450904149,0.11278751554464737,0.11345396113729062,0.11416313099166452,0.11483812143665384,0.11553589815456637,0.11624791629305531,0.11694854129508242,0.11768334570649396,0.11840960526555958,0.119155802813432,0.11995326947538074,0.12070231530736861,0.1214684508440488,0.12224028294895971,0.12296654250802487,0.12370419520355175,0.12448457216080842,0.125230769708681,0.12600545009770717,0.1267715856343871,0.12758614200102758,0.1283836086629764,0.12914974419965614,0.12994436257748937,0.13077885693293737,0.13157347531077052,0.13239657652975712,0.13320543632816695,0.13403423411538418,0.13488866645963926,0.13574309880389432,0.13660892428461058,0.13744626692417408,0.13828360956373695,0.13913234533976127,0.1400067156728237,0.14080987890300292,0.14170703550898797,0.1426184335355494,0.14350134872095777,0.14437287076990488,0.1453013585011583,0.14620705995948938,0.14711560970193563,0.14800422145557462,0.14889283320921365,0.14976435525816073,0.15065296701179934,0.15158145474305326,0.15250994247430663,0.15344982334202123,0.154361221368583,0.15528686081572127,0.15620965197874412,0.15712959485765163,0.15804099288421347,0.15900935659308135,0.15992645118787358,0.16084639406678117,0.16178342665038045,0.1627460937910181,0.1637116092157709,0.16467142807229268,0.1656397917811608,0.16659961063768317,0.1675537329259745,0.16852779320307312,0.16951039833251813,0.17049015517784732,0.171475608591407,0.17242688259558372
sdg8_empop,0.7068794082476302,0.7084782454180657,0.7101808090541973,0.7115203300603716,0.7130802698061718,0.7144846198534216,0.7159278673252968,0.7176174651532148,0.7193718920222019,0.7212948743979527,0.7232567541983356,0.7251927023822909,0.7272583086483796,0.7293887439555327,0.7312987605230651,0.7333902984055686,0.7353781098223833,0.7371973657324348,0.7393018694231527,0.74139340730566,0.7436275690785131,0.7458357992349407,0.7481736874734872,0.75044674667097,0.7527716691013112,0.7550058308741642,0.7573955823455593,0.759914991899081,0.762382538219762,0.7645648367597636,0.767045348888647,0.7694480661682566,0.7721100996121258,0.7746554407820798,0.7770581580616869,0.7796942598891229,0.7823951907576306,0.7850442583932858,0.7874858730975276,0.7900960433085412,0.7928618032181116,0.7955756998948268,0.7981599384894102,0.8007571428922111,0.8033673131032298,0.8060552781635207,0.8089247645387804,0.811638661215495,0.814456284357915,0.8171572152264148,0.8200396674098878,0.8230388118672818,0.8259212640507637,0.8288555794670905,0.8316343051848626,0.8346075180258319,0.8373992095518262,0.8402557301188772,0.8433586010419619,0.8463058822665083,0.849395787381392,0.8525375557291155,0.8555107685700788,0.8583802549453495,0.8613923652109561,0.864171090928728,0.8670535431122037,0.8698841320628361,0.8730647978352064,0.8761936003747182,0.8792575738731704,0.8822567183305668,0.8853855208700837,0.8885402550260211,0.8917209207983894,0.8949404839953979,0.8981081839595526,0.9012369864990648,0.904495447120709,0.9076112838520177
sdg8_gdpgrowth,0.3599424059035627,0.35652318081154516,0.35319613368201386,0.3497615455962439,0.3460657866167519,0.34269265050597625,0.3395038703201779,0.3363611791156266,0.33295731701735276,0.3298760777877941,0.32642612670827603,0.32336025047246547,0.3203865521991447,0.31719777201334715,0.31408580679629206,0.3106358557167731,0.30737026056223493,0.3041507543889414,0.3011002411468793,0.2978807349735861,0.2949223996940126,0.29176434549571195,0.2887752842286431,0.28570940799283223,0.2827971616945045,0.2797159224649456,0.276496416291651,0.27349199203083396,0.27081019063873096,0.26748314350919866,0.2644326302671368,0.2616125619312982,0.2589307605391948,0.25589561029088126,0.253352075842512,0.25045519253793286,0.24754294623960507,0.24464606293502464,0.24201035052416656,0.23942072709455364,0.2364623918149802,0.23358087150414944,0.23100661106828324,0.228585980569901,0.22596563115279175,0.22322237778569454,0.22060202836858428,0.21821212385769811,0.2156532264155806,0.21287924706098793,0.21016671968138823,0.2075924592455225,0.20477239090968458,0.20201377454883881,0.1994548771067221,0.19658871978963993,0.1940912743225156,0.19157846586164334,0.18886593848204314,0.18633776702742244,0.18382495856655115,0.1812967871119301,0.17872252667606472,0.17642480012766848,0.1740656216042789,0.1719829769683592,0.16919363462001807,0.16661937418415235,0.16402975075453877,0.16127113439369348,0.15891195587030418,0.1566910442906502,0.15440868073600197,0.15208022820010925,0.14959814572673352,0.14726969319084057,0.14469543275497587,0.1422440762690967,0.14008461666443503,0.1378637050847803
sdg8_impacc,0.9630872064937497,0.9631217604112692,0.9631433441644136,0.9631673409714042,0.9631881706452261,0.9632120166363491,0.9632361642591981,0.9632612167772415,0.9632871741904712,0.9633134332354293,0.9633430102294143,0.9633695709061053,0.9633980921890384,0.9634237479705374,0.9634533249645245,0.9634804889046725,0.9635067479496319,0.963535872496023,0.9635660527534691,0.9635980428012928,0.9636276197952788,0.9636587049479135,0.9636905441798722,0.9637222325959682,0.9637522620375478,0.9637825931108591,0.9638121701048447,0.9638429536257507,0.9638719273562767,0.9639048222992892,0.9639362090836535,0.96397015973772,0.9640015465220847,0.9640368545189355,0.9640691461984894,0.9641014378780437,0.9641344836369197,0.9641711489765564,0.9642057028940809,0.9642404076274733,0.9642749615449984,0.9643090630149295,0.9643425612214028,0.9643771151389288,0.9644149870054818,0.9644518031609799,0.9644872619736957,0.9645230224181401,0.9645598385736396,0.9645975596243289,0.9646328676211797,0.9646714935670571,0.9647078572749612,0.9647425620083516,0.9647765126624187,0.9648128763703225,0.9648508990527401,0.9648896758144831,0.9649276984969014,0.964966475258643,0.9650051012045209,0.9650438779662632,0.9650841628866536,0.9651239953594491,0.9651641294639755,0.9652026045939872,0.9652400240129458,0.9652822695395792,0.9653210463013215,0.9653568067457673,0.9653934720854017,0.9654348127168452,0.9654722321358037,0.9655131203196539,0.9655525003448554,0.9655927852652462,0.9656339750808256,0.9656738075536209,0.9657134892105528,0.9657554331054565
sdg8_yneet,0.8037933051936079,0.8054085828421177,0.8071748971881954,0.8088855664351691,0.8104372496847055,0.8121876654310394,0.8139301318775027,0.8157600406225542,0.8175661014679911,0.8192290749157344,0.8210510343609125,0.8227776022076306,0.8245757137531957,0.8265328112961986,0.828346821441505,0.8302085273860468,0.8320463854309714,0.8340432294733339,0.8359128847177455,0.8378302357613904,0.8397475868050336,0.8418159745462437,0.843781021389119,0.8458255612307132,0.8477349629744857,0.849668212617874,0.8516650566602357,0.8537731909008056,0.8557620856432951,0.8578622705839937,0.8598114188271232,0.8617526177703831,0.8637494618127447,0.8657224579554925,0.867743149897472,0.869724095340091,0.8717686351816848,0.8738370229228952,0.8759531064633369,0.8779896970050595,0.8801137298453723,0.8823013570846616,0.8843935927254863,0.886477879066442,0.8884588245090597,0.8905749080495016,0.8927307380893005,0.8949342639283336,0.8969788037699269,0.8992220761083203,0.9014256019473522,0.9036450263861292,0.9058962480243928,0.9081474696626577,0.9104304885004086,0.9127055580382891,0.9150362726752718,0.9173192915130243,0.9196500061500058,0.9219568728873737,0.9240473238328479,0.9258526498015441,0.9277294237110723,0.9294906771863042,0.9311465408136032,0.9327605360598837,0.9343027960594262,0.9358297642594395,0.9373032595100869,0.938722127291831,0.9401261415142919,0.9415660097359779,0.9429138632646906,0.944313391745895,0.9456211382133407,0.9469089384180619,0.9480971030990283,0.9492530827384482,0.9503920777683095,0.9514747842217295
sdg9_articles,0.43166952260177416,0.43423157988432715,0.4368495322659769,0.4394022736986768,0.4420854370292819,0.4447779162097354,0.447693975786607,0.45046098176586713,0.4531814084958744,0.45589251937603215,0.45867815705499276,0.46143584718440495,0.4642401165630664,0.46703507009187845,0.4698952345696459,0.4726342929993539,0.4755410367263721,0.4783918853542905,0.48119615473295235,0.4840376875110165,0.4870003263371409,0.48983254326535525,0.49286039304043305,0.4957950843170037,0.4987949865425288,0.5017017302695488,0.504710948344924,0.5077294822701508,0.5107200686458262,0.5136640757722467,0.5168875583941881,0.5197663545716552,0.5229059945449382,0.5260363186683733,0.5291573269419562,0.5322783352155382,0.5354179751888231,0.5384644566636013,0.5414923064386782,0.5445667354630089,0.5476132169377861,0.5507808044606232,0.5540042870825629,0.5571346112059955,0.5603953572273376,0.563562944750174,0.5669168492700214,0.5701496477418126,0.5732892877150962,0.5764941386373329,0.5796896737097228,0.5831274208782248,0.5863415876503141,0.5895930178218061,0.5928723955428482,0.5961051940146389,0.5993286766365777,0.6026360019071727,0.6058874320786645,0.6092692841480644,0.6126883996168669,0.6160236724370123,0.6194334720559633,0.6228712192244672,0.6262810188434189,0.6296442392131167,0.6331006180813209,0.636519733550123,0.6399667965684761,0.6434324912865317,0.6469913445030933,0.6504197758217454,0.6538388912905465,0.6573697969575554,0.6607702807266566,0.6642546071444136,0.6677668811117201,0.671307102628582,0.6748659558451405,0.6783595981127474
sdg9_intuse,0.819645249882587,0.8267644604250843,0.8335949160259312,0.8403291199795563,0.8472558272276095,0.8542065973874743,0.8612776821063586,0.868445018472459,0.875877046868399,0.883236886528932,0.8903320341596187,0.8976678109083431,0.9048351472744454,0.912146861111371,0.9200120219197899,0.9278290569045976,0.9356942177130174,0.9409432991496465,0.9452569580061027,0.9491647669489802,0.9529718745322379,0.9563940832222676,0.9595159200205814,0.9622732964501672,0.9645220655304533,0.9668912456293411,0.9691241485158051,0.97131364317607,0.97314592624222,0.9750362049722728,0.976792366751412,0.9784715921761263,0.9798931550914128,0.9815755214508045,0.9831325474894779,0.9843716998913937,0.9854636457386675,0.9864970347953771,0.9874099527902719,0.9886077671626827,0.9893760183080103,0.990276133369726,0.9911226397285416,0.9917750297138234,0.99245990226966,0.9930147769505797,0.9934008906937988,0.9937613472316598,0.9941312052561604,0.9946282808789126,0.995180181209283,0.9955084670274521,0.9957656236121316,0.9961023290890503,0.9963107574657936,0.9966210956573857,0.9968336467966964,0.9970290568489804,0.9971060671908697,0.9972897713829925,0.9973721681445936,0.9975394413296587,0.9976878927558982,0.9979225330698989,0.998038103696477,0.9980624972446897,0.9981373885827314,0.9982057075179502,0.9982411644390545,0.9982772049589406,0.9983712111211226,0.9985203726273312,0.9986133192875898,0.9986553486115166,0.9986832813235142,0.9986662667176753,0.9986837572266564,0.9986710883241516,0.9987411580557171,0.998777782174385
sdg9_mobuse,0.3721337810191301,0.37593394050938567,0.37960049325773276,0.38322696398350603,0.3869469594286173,0.3906268728511593,0.39453391773493424,0.39838751992194466,0.40224112210896057,0.4061882490153112,0.41001512985394484,0.4138954533893397,0.41780249827311383,0.4218297892246053,0.42584371950190625,0.4298576497792059,0.43388494073069545,0.43780534628866136,0.4419796046562474,0.44615386302383314,0.45026131802046593,0.4543954943654776,0.4583158999234448,0.4623565515491271,0.46651744924252214,0.4705848222165836,0.4747590805841666,0.47904022434527593,0.4832812860838146,0.4873620197320667,0.491536278099649,0.49576397916399634,0.49987143416063107,0.5041124958991696,0.5084203610086578,0.5127415867923358,0.5170494519018262,0.5214909237532221,0.5259591169529961,0.5302803427366737,0.5346817325654969,0.5390163190233691,0.5433642661554307,0.5477122132874898,0.552167045813074,0.5565684356418965,0.5610767108642433,0.5656651501317329,0.5701333433315054,0.5746950612506151,0.5790830904052471,0.5836180869759732,0.5879393127596547,0.5924743093303793,0.5970360272494889,0.6016779092137394,0.6063197911779895,0.610988394490622,0.6155501124097282,0.6201786336997893,0.6248071549898504,0.6294490369540995,0.6341443616151113,0.6389198503212662,0.6436418963306609,0.6484307457110063,0.6531260703720171,0.6579416411007447,0.6627705725036603,0.6675594218840045,0.6724150746353043,0.6772840880607902,0.6820462160927575,0.6869285901924345,0.6917174395727789,0.6965730923240782,0.7015623518172792,0.7064046438943877,0.7113137393424463,0.7161961134421229
sdg9_netacc,0.612776531929741,0.6171255054129058,0.6233426007484634,0.628781311978855,0.6346870536723441,0.6412414487868068,0.6472250288908147,0.6533642858158569,0.6592959736461868,0.6654611767080656,0.671678272043622,0.6776359060107897,0.683463809293765,0.6900700966819053,0.6962093536069467,0.7022448259846321,0.707968944720251,0.7140563093716128,0.7197804281072316,0.7251413009271068,0.73146218081002,0.7371084611351225,0.7432736641970018,0.7493869749852035,0.7555781241839219,0.7613281890563789,0.7674933921182592,0.7735548106327831,0.7794086600525963,0.7851327787882154,0.7911941973027394,0.7966848008068094,0.8024089195424282,0.8083924996464352,0.8140128338346984,0.8198722661974149,0.8258943644529355,0.8317885152423721,0.8377016646694391,0.8430870168554017,0.8488938379957388,0.854028734405432,0.859227216207303,0.8638662758303212,0.8683873683335542,0.8727691973414503,0.8770010346856603,0.8814889523352719,0.8856601603457092,0.8896353422364889,0.8937695531379418,0.8974629228330625,0.9007437460071372,0.9043444554681481,0.9076524264927025,0.9108360453607433,0.913564045652943,0.9162073270200766,0.9185929556353629,0.9206241331553581,0.9227947884172726,0.9251717504320393,0.9272978443515048,0.9293642964042601,0.9310945447023873,0.93362141871063,0.9354002388476669,0.9371735944303777,0.9388991866244453,0.9406420358242612,0.9421653542925063,0.9436193063668865,0.9450029426779868,0.9466622140381603,0.9481097775872289,0.9494242646189059,0.9507355623036036,0.9519412957114187,0.9531831917724638,0.9546561967699185
sdg9_patents,0.03839899432803406,0.03867211311518061,0.03896158958933853,0.03924288721999067,0.039504555626229024,0.03976295249506524,0.04004915743182093,0.0403255477563696,0.0406411965297461,0.040947030690915646,0.04123650716507369,0.041534162482737426,0.041839996643907015,0.042145830805076535,0.04248438034026913,0.042814751031956,0.04315330056714871,0.043465677803122924,0.043789505420005065,0.044131326492599994,0.04449277678960885,0.04482151171259461,0.04516496855389076,0.0455067896264856,0.04586333261739093,0.04621333253349167,0.04656823975569587,0.04690351775348612,0.04726660381919613,0.0476231468101015,0.04798623287581147,0.0483673123972341,0.04871731231333477,0.04906404069203331,0.04943857713865125,0.04982292819747618,0.05016802080747339,0.05054255725409145,0.050923636775514196,0.05128835860992524,0.05168743158706063,0.052099590713805134,0.05248230600392901,0.052869928600156275,0.05324282927807313,0.05362227303079464,0.05401316716442417,0.054418783216364154,0.05479822696908569,0.05516949187830139,0.055545664093620634,0.05593819399595133,0.056301280061661275,0.05669544573269317,0.05710433332203551,0.05749686322436617,0.057918836963317656,0.05835880415798188,0.05874806252291033,0.0591667647244596,0.05958219538860642,0.06002543412067289,0.06046049400923371,0.06088246774818528,0.061306077255837886,0.06175913060011131,0.06219909779477554,0.06262761460853171,0.0630463168100809,0.06346829054903243,0.06390171466889202,0.06433350302005043,0.064798006745232,0.0652428812459996,0.06569429882157195,0.0661424448597419,0.06658241205440617,0.06703710116738079,0.06747379682464259,0.06793012170631844
sdg9_rdex,0.4343672342938589,0.4365385796654496,0.438635911411271,0.4405852159055474,0.4426402541509267,0.4448221728976289,0.44703581176966195,0.44934461101768775,0.4513679291377362,0.45343354075822406,0.45555201925426503,0.4577973782516288,0.46014847100009587,0.46253128387389353,0.46478721624636826,0.46714888236994356,0.4691933472402119,0.4713964127371352,0.4737897989860425,0.47607745148384845,0.4784814111078661,0.4809488109825463,0.4835959582341009,0.48589418410701657,0.48836158398169627,0.49083955723148653,0.4933492506066077,0.49582722385639805,0.4982629036057474,0.5008148904813097,0.5032717169808797,0.5059400109826546,0.5085342913586582,0.5108853841071246,0.5133739307320258,0.515851903981816,0.5184038908573778,0.520797277106287,0.5233069704814076,0.5259118242325219,0.5284320909827528,0.5309840778583154,0.5334620511081049,0.535908304232563,0.5385554514841182,0.541107438359681,0.5438285992370075,0.5463805861125697,0.5490171599890138,0.5515797202396865,0.5543854681178956,0.5571594958707744,0.5598806567481008,0.5626229643756477,0.5652701116272033,0.5679489790040881,0.5706701398814152,0.5733701540085215,0.5762287687622818,0.5788970627640573,0.5817979710182588,0.5845402786458074,0.5873037330235753,0.5899826004004605,0.5927460547782283,0.5956892565328714,0.5985795914119627,0.6015439399168266,0.604603448797682,0.6074620635514428,0.6104581321816372,0.613390760561169,0.616312815565591,0.6193617510713367,0.62234724632642,0.6253538883317247,0.6282019297103754,0.6310711178392464,0.6340989065947712,0.6370209615991939
sdg9_rdres,0.3926583414708297,0.3950133696478859,0.39739663171513456,0.39971401470524737,0.40186199435415365,0.4042358451246705,0.40665675237885784,0.4091529500069139,0.41164914763496846,0.4139853532185505,0.4165474299237427,0.41922244218973925,0.4217186398177971,0.4242336600393203,0.42691808360204997,0.4295178054941781,0.4319104788581621,0.4343690312992843,0.4370628661587491,0.43957788638027273,0.4422340760528014,0.444918499615533,0.44764056836519944,0.45038145970833415,0.4532070527220718,0.4558444198011342,0.45855707725406697,0.46110033136579176,0.46380357752199114,0.4664880010847228,0.46914419075725283,0.47208271933179524,0.4749365462357342,0.47769626017233596,0.48039009503180263,0.4832627445292092,0.4861353940266148,0.48902686611748897,0.49192774950509804,0.4948474554861747,0.4977389275770489,0.500724512635261,0.5036724525065372,0.5066862714549504,0.5098130259641693,0.5128833126929867,0.5158971316414,0.5189297731832803,0.521896535648025,0.5249574110801075,0.5279712300285206,0.5309285811965332,0.5339141662547444,0.5370032755770269,0.5400170945254407,0.5430026795836531,0.5462329583569447,0.5493691241628967,0.5525523464525179,0.5556414557748013,0.55876821028402,0.561800851825901,0.5648617272579847,0.5679790704704694,0.5711340588698882,0.5743266924562443,0.5773969791850607,0.5804766772106117,0.5836222543132975,0.5867678314159827,0.5899039972219354,0.59309663080829,0.5962704418011782,0.5994724866842683,0.6026651202706237,0.605791874779841,0.6090503874433333,0.6123747791839618,0.6155862353637851,0.6189294496978802
sdg9_womensci,0.6700361825054983,0.6717448819444045,0.673493752201641,0.6751967129522065,0.6769168897677725,0.6785911570766735,0.680426107658923,0.6822266261111666,0.6840328832517426,0.6858506177689866,0.6876281814678985,0.6894573933618136,0.6912751278790589,0.693167465344643,0.6950712801868963,0.6970152658474899,0.6988903872480772,0.700782724713663,0.7026061979192404,0.7045214901381622,0.7064597371104212,0.7084152001476831,0.7103649244966078,0.7123376035988674,0.7142586345061227,0.7162198362317184,0.7182039927106499,0.7200848527995679,0.7220804866551634,0.7240589044457569,0.7260832317430255,0.7280559108452883,0.7300458060125514,0.7320184851148106,0.7339739481520694,0.7360269688910078,0.7381201604482829,0.7401559651222174,0.7422663727444901,0.7442677452884198,0.7463666755340292,0.7484656057796378,0.7505874907785808,0.7526978984008537,0.7548542155297995,0.7570047939704141,0.759086508151021,0.7612600413449702,0.763462267980585,0.7656128464211968,0.7677806409268135,0.7700287770691037,0.7722310037047224,0.7744447077170042,0.7766584117292895,0.7789639347549193,0.7812292869622116,0.7835175939228393,0.7858288556367976,0.7881573334157607,0.7903710374280485,0.7926765604536782,0.7949591287259715,0.7972359583099262,0.7995185265822194,0.8018010948545126,0.8040721857501391,0.8063834474641017,0.8087176639313961,0.8110461417103617,0.8133172326059863,0.8156284943199504,0.8179569720989139,0.820279711189541,0.8225508020851675,0.824873541175797,0.8272020189547621,0.8294731098503871,0.8318073263176815,0.8341644975383168
sdg10_adjgini,0.8142227230602932,0.8151594845347322,0.8160656266883889,0.8167513097322855,0.8176329564293036,0.8184656122130335,0.8194329930082828,0.8204493647168204,0.8214779841536828,0.8224269933564629,0.8233760025592384,0.8244842322301729,0.8254454891612675,0.8265720904246912,0.827655824638994,0.8286232054342526,0.829792673746789,0.8308212931836455,0.8320336285453103,0.8330377525255279,0.8341827253814335,0.8353399459656543,0.8366441392897146,0.837899341700499,0.8390320668280804,0.8401280487707021,0.8413036409474051,0.8425527194940267,0.8437038162140881,0.8449773902173502,0.8461836017148543,0.8474204325331597,0.8487368735855451,0.8501145532795317,0.8513881272827963,0.8527719308409408,0.8540393809800481,0.8553803174890743,0.8567763687755415,0.8581785439261689,0.8595807190767958,0.8610563805973462,0.8624463080196537,0.8638484831702813,0.8652690299133902,0.8666283380148952,0.868134618856246,0.869555165599354,0.8710002077991027,0.8724881170479735,0.8739760262968426,0.8754271923607513,0.8769028538813017,0.878347896081049,0.8798419291940811,0.8812685998013501,0.8828116238276605,0.8842811614840501,0.8858425571028407,0.8874345720424335,0.8889959676612255,0.8905083723667366,0.8920636441213701,0.8936005442835189,0.8951986830872709,0.896809069619346,0.8982969788682137,0.8998828699436475,0.9014320178341215,0.9030240327737105,0.9046895340832269,0.9063305399360994,0.9079654219248132,0.9095941800493679,0.9112290620380816,0.9128516962984746,0.9145294453363082,0.9161275841400611,0.9178237047703759,0.9195381969931715
sdg10_elder,0.6935132295859034,0.6900462112177428,0.6865927350831781,0.6831528011822222,0.67968578281406,0.6762323066794895,0.672778830544937,0.6692034743079485,0.665628118070962,0.6620933885347893,0.6585180322978053,0.6549291338272177,0.6514756576926587,0.6480357237916967,0.6446499588251511,0.6411829404569876,0.6378242599576405,0.6344249527574926,0.6310527300245453,0.6278294718612248,0.6244572491282803,0.6209631462929112,0.6176857191951822,0.6142457852942239,0.6109548159628906,0.607582593229946,0.6043999617674358,0.6011360769033073,0.5975878051335307,0.5943374625030071,0.5909381553028539,0.5874440524674854,0.5842207943041687,0.58079440263681,0.5773138420350449,0.5741853795069422,0.5709350368764198,0.5675898986106791,0.5642176758777311,0.560804826443977,0.5573784347766226,0.5539926698100731,0.5505933626099215,0.5471398864753619,0.5439707972464528,0.5409235881199654,0.5376867877230439,0.5342062271212785,0.5309288000235497,0.5275836617578076,0.5242791501928732,0.5209881808615436,0.5177242959974174,0.514230193162047,0.5108850548963061,0.5076482544993863,0.5041812361312218,0.5007277599966599,0.4974503328989321,0.49418644803480627,0.4910715277403065,0.48765867830655196,0.4842593711064018,0.4809954862422763,0.47765034797653316,0.4745218854484316,0.4711902894162942,0.467980573486578,0.46485211095847573,0.4616830217295667,0.45852747473426236,0.45527713210373766,0.4521215851084303,0.44904729151473993,0.446013624621857,0.4428580776265501,0.4395129393608082,0.43651989916873324,0.43349977450945204,0.4304119386821571
sdg10_palma,0.7859552609835418,0.7861450923392925,0.7863193892380275,0.7865070013856391,0.786693503929167,0.7868944313256508,0.7870698378284535,0.7872885188901003,0.7874838982662117,0.7876903736830566,0.7879023971202586,0.7881255165981933,0.7883342112231799,0.7885251521830037,0.7887382852242834,0.7889480894533415,0.7891745377434926,0.7894076436580764,0.7896429687808082,0.7898694170709585,0.7900792213000176,0.7903178752349664,0.7905498715454787,0.7908062791455899,0.7910349466438859,0.791262504538107,0.7914945008486208,0.7917342643876406,0.7919784663429542,0.7922315451308455,0.7924879527309576,0.7927432507269964,0.7930107543678345,0.7932815868208899,0.7935379944209996,0.793797730833329,0.7940541384334409,0.794304998013188,0.7945702824458808,0.7948277996500638,0.7951141665601371,0.7953761221806106,0.7956402970092307,0.7959311023355946,0.7962019347886492,0.7964694384294881,0.7967047635522176,0.7969755960052742,0.7972730589560713,0.7975261377439666,0.7977936413848029,0.7980711314622945,0.7983619367886577,0.7986394268661489,0.798915807339567,0.7992043934577858,0.7994940891800764,0.7997582640086963,0.8000390828984051,0.8003187921840411,0.8006173647389138,0.8009170468978588,0.8012189482649478,0.801498657550584,0.8017861340647301,0.8020625145381484,0.8023555390726576,0.8026541116275281,0.8029537937864737,0.8032545855494895,0.8035797886021053,0.8038905668017768,0.8041747145037027,0.8044677390382118,0.8047640923849385,0.8050604457316647,0.8053567990783908,0.8056697964862066,0.8059639306247874,0.80626694159595
sdg11_pipedwat,0.9998590056135731,0.9999256123833403,0.9999242387734941,0.9999148974668972,0.999904656130905,0.9999045416399586,0.9999065026979067,0.9999110483016697,0.9999141415936041,0.9999123198895328,0.9999121403606938,0.9999125058902683,0.9999074597622802,0.9999080571337722,0.9999060506508675,0.9999151144665623,0.9999225917546769,0.9999255551097549,0.9999230494096202,0.999925616396851,0.9999294853672146,0.9999293602641257,0.9999286737391646,0.9999303279721833,0.9999358746511735,0.9999301047148325,0.9999253212670356,0.9999265503215126,0.9999299388551319,0.9999321102801912,0.9999320995561766,0.9999287170514504,0.9999319204167868,0.9999315574428868,0.9999326241108824,0.9999323159789582,0.9999370098570605,0.9999401845235724,0.999939310274655,0.9999427429262356,0.9999476446425526,0.9999483565049888,0.999953179375626,0.9999472671670615,0.9999465039358684,0.9999499426163425,0.9999531914334124,0.9999495903664569,0.9999555527218761,0.999953012294023,0.9999509376894536,0.999954707171784,0.9999605118358433,0.9999628444254821,0.999954907759203,0.9999553341596469,0.9999597486046504,0.999953786249231,0.9999537575504058,0.999954094381155,0.9999593616270462,0.9999595407664357,0.9999619127789143,0.9999612069453715,0.9999643195191115,0.9999627608846806,0.9999693716759926,0.9999673077954381,0.9999706114544845,0.9999704250642996,0.9999719622507006,0.9999716254199514,0.9999708729127731,0.9999699699650305,0.9999692748555026,0.9999722416837996,0.999971378158897,0.9999691852858079,0.9999686191688144,0.9999689559995635
sdg11_pm25,0.8645371372476234,0.8649539625524606,0.865418863632922,0.8658723181001343,0.8663532444391366,0.8668295921328428,0.8673334116983306,0.8678120487146819,0.8682838177630883,0.8687716120700381,0.869296035539365,0.8697838298463128,0.8702739134759071,0.8707868903319937,0.8712746846389396,0.8717853721723755,0.8723166636096495,0.8728319297883835,0.8733655105483061,0.8739196952120674,0.8744212254549073,0.8749204663751,0.8754654937482658,0.8760013638308377,0.876557837817247,0.8771143118036586,0.877663917822123,0.878236417067075,0.8788386775064608,0.8794065981061163,0.8799401788660399,0.8805035208203958,0.8811240958409702,0.8817126203444648,0.8822668050082254,0.8828507508664214,0.8834369860472654,0.8840598503904904,0.8847010293149057,0.8853010004316432,0.8859124181616231,0.8865078106330626,0.8871077817498007,0.8877306460930248,0.888355799758898,0.888953481552985,0.8895580313150208,0.890139687850568,0.8907396589673049,0.8913693912784745,0.8919808090084567,0.8926128306422748,0.893226537694906,0.8938539806834279,0.8944951596078429,0.8950974200472286,0.8957569135528333,0.8963797778960575,0.8969431198504151,0.8975980347107221,0.8982346349898388,0.8988826818822001,0.8995467540331027,0.9002131155066524,0.9008542944310682,0.9014794480969409,0.9021274949893029,0.902780120526961,0.9034327460646197,0.9040647676984388,0.9047242612040458,0.9053997799681908,0.9060524055058483,0.9067233456246984,0.9073897070982503,0.9080560685717998,0.9087407446265409,0.9094139740680393,0.910103228768077,0.9107650115963306
sdg11_transport,0.7203182101831646,0.7228650172339387,0.7245507436840481,0.7263258275549808,0.7279546901918397,0.7295429358192359,0.7311880452598786,0.7328737717099892,0.7345757449638852,0.7361964841988529,0.7379065808546408,0.7395354434914997,0.7412292933435018,0.7430287474201165,0.7447225972721209,0.7464489407316967,0.7482646416120947,0.7499666148659928,0.7518148093539655,0.7536305102343649,0.755576185545054,0.757497490650065,0.7593375617361434,0.7611938796260095,0.7631476783385901,0.7650608600417076,0.7670227821561839,0.7688384830365834,0.7707760349453792,0.7727054634522832,0.774626768557293,0.7767755289153098,0.7788917956657544,0.780910581593481,0.7829212441193161,0.7848587960281126,0.786910075563412,0.7887826402570624,0.7908907836056139,0.7929664333465938,0.794993342676214,0.796971511594475,0.7991121485505986,0.8012202918991503,0.8032796948363419,0.8054365785962536,0.8075609687485903,0.8096934823028203,0.8117528852400139,0.8139260158037095,0.816261614405268,0.8183535109500331,0.8205835053269797,0.8228378699096075,0.8250028770714093,0.8271110204199619,0.8293410147969089,0.8316928602022531,0.8338903609716286,0.8360553681334316,0.8382853625103791,0.840612837710043,0.8427859682737395,0.8450809498658322,0.8473678080560323,0.8498739980973443,0.8522420903064739,0.8545695655061398,0.8569376577152701,0.8591838988960038,0.8614707570862026,0.8638469726972272,0.8662394351120362,0.8686237741249517,0.8710649769511213,0.8735143031791827,0.8758514292744701,0.8782768480896448,0.8807372135917091,0.8829925037599223
sdg13_co2gcp,0.8647958431458846,0.8652731077904503,0.8656187093053054,0.8659511445071961,0.8663143011060105,0.8666840408613113,0.8670801132425564,0.8674586305398437,0.867821787138662,0.8681805549664868,0.868578821733226,0.8690012267404141,0.8693775496522053,0.8697955658884019,0.8702201652810844,0.8706206264333194,0.8710518089824912,0.8714939634591359,0.871980005645682,0.8724287432788118,0.8729103966943708,0.8733832725679497,0.873836398972071,0.8743026916891613,0.8747865394902141,0.8752286939668614,0.8756884035274679,0.8761503074735673,0.8765814900227359,0.8770521715108202,0.8775206586134069,0.8779935344869851,0.8785124924559601,0.8789897571005281,0.8794626329741075,0.8799464807751607,0.8804215510342317,0.8809339258467224,0.8814572725866924,0.8819477035442326,0.882473244669694,0.8829856194821837,0.8835001886801715,0.8840015915651886,0.8845008000647071,0.885006591720712,0.8855014114492409,0.886020369418219,0.8865195779177398,0.8870538965851827,0.8875750489396532,0.8881269226910596,0.8886480750455322,0.8892043375679277,0.8897342674643791,0.8902378647348896,0.8907809609443145,0.891284558214826,0.8918605702066768,0.8923926944886242,0.8929248187705721,0.8934481655105421,0.8940197887314025,0.8945299691583976,0.8950950092227745,0.8956315222757134,0.8961877847981096,0.8967374641640181,0.8973420031673078,0.8978434060523226,0.8984084461167007,0.8989778749520672,0.8995297487034707,0.9000903999968564,0.9006554400612338,0.9012138969691242,0.9017986865029558,0.9023944479642648,0.9029704599561191,0.9035881652723801
sdg13_co2import,0.9700986188625654,0.9698962588315512,0.969674523450097,0.9694398711683504,0.9692245942370386,0.9690036661618529,0.9687851600054689,0.9685626173177465,0.968349762305235,0.9681288342300496,0.9679224376676901,0.967712004573989,0.9674943057238745,0.9672806434050998,0.9670637518612529,0.9668428237860635,0.966623510323414,0.9664090406983671,0.9662066806673485,0.9659978621861831,0.9658051898303832,0.9656028297993633,0.9653859382555162,0.9651730832430117,0.9649553843928939,0.9647425293803892,0.9645312889804176,0.964332158174472,0.964118495855697,0.9639120992933374,0.9636952077494902,0.9634839673495201,0.9632799927059658,0.9630631011621157,0.9628599338248296,0.9626599957126137,0.962448755312645,0.9622528537317694,0.9620593740697007,0.961861050570023,0.961657883232734,0.9614417989951562,0.9612337878202571,0.9610483812208722,0.960850057721192,0.9606388173212226,0.9604380719027383,0.9602284461153043,0.9600438468221867,0.9598439087099706,0.959659309416853,0.9594561420795638,0.9592691208676413,0.9590716046742284,0.9588878126873777,0.9586911038002354,0.9584952022193608,0.9583025298635607,0.9581033990576132,0.9579074974767406,0.9577059447519882,0.9575092358648464,0.9573068758338262,0.957114203478024,0.9569287968786373,0.9567304733789582,0.9565378010231569,0.9563523944237694,0.9561524563115552,0.9559589766494847,0.9557759919689018,0.9555800903880278,0.9553874180322272,0.9551931310638894,0.9550044952394279,0.9548279690089924,0.954641755103336,0.9544660361791664,0.9542951610926058,0.9541210567809725
sdg15_cpfa,0.9140410441319763,0.9181549385012331,0.9225317100148501,0.9257985558078972,0.9300584930351429,0.9337926759736899,0.9381402389156942,0.9422786736918607,0.9454054461246103,0.9496572515089106,0.9526589276519255,0.9558395717291656,0.9584886017763227,0.9608569910641319,0.9630319410000289,0.9655506237141157,0.9674376287461187,0.9696627738467375,0.9715519621403977,0.9735172552621292,0.9753398457546915,0.9771094057231483,0.9787848302167397,0.9802240945235449,0.9813453980606561,0.9824627722915757,0.9834899403538249,0.9846801468362711,0.9853762661729432,0.9860417663610351,0.9866512800786718,0.9871744681188587,0.9879433241562016,0.9884927431218375,0.98921419517081,0.9899687512714103,0.9907650352262704,0.9913115720966215,0.991691440019486,0.9920506772208997,0.9924110646784774,0.9928702211660645,0.9932671342495434,0.9935615400985484,0.9940945964527167,0.9942619763601616,0.9944145018630607,0.9945835573002518,0.9949378376053304,0.9951723744135976,0.9952622247105914,0.9953838640330778,0.9955209122279165,0.9957049054941834,0.9958000956743528,0.9959098386176889,0.9960507205678559,0.99620124719981,0.9964179052215011,0.9966126446107544,0.9968701059418046,0.9969602090652211,0.9970907671207199,0.9972228041889196,0.9972501582553852,0.9972032619989223,0.9973738506791185,0.9974368742622973,0.9975528795546347,0.9977045076277892,0.9977668811923108,0.9979302829786123,0.9979691850469549,0.9980320100340171,0.998176573879284,0.9981885461885504,0.9982426781538675,0.9981771967827948,0.9982026475291725,0.9983036757509546
sdg15_cpta,0.9352191703607553,0.9410692495062888,0.9456184932740452,0.9499075699662328,0.9546591659038671,0.9586010366638185,0.9626834004732916,0.9657771985405033,0.9691605126128883,0.971646030303811,0.9740916512330201,0.9757361050787302,0.9775979314058991,0.9793601025769686,0.9810501360590348,0.982595942940349,0.9841101810221703,0.9849137851550722,0.9862523213205723,0.9873770610590493,0.9881530959004766,0.9888077347368244,0.9898450962480669,0.9904878551851968,0.9911708469479391,0.991904983620321,0.9925268463091339,0.9929584508596853,0.9933724347177492,0.9939747393196057,0.9942777680492508,0.9946498984449296,0.9949708036590077,0.995451615724734,0.9957587646108784,0.9961461040500897,0.9964961308494126,0.996652551059947,0.9968772016523758,0.9970500725367597,0.9972047115666023,0.997446703423228,0.9975320266546353,0.9977206641561182,0.9978473056296757,0.9979711414717515,0.9980015699832002,0.9981397509619323,0.9982151479476818,0.9982638276198801,0.9983649710568756,0.9984422028118058,0.9984557792896135,0.998548617117726,0.9985673039205453,0.9985775855363137,0.9986210136457966,0.9986550314236473,0.9986467065085554,0.9987509499813951,0.9988459169830486,0.998966362715057,0.998947817149945,0.9990421343771262,0.9990186926194065,0.999126586324397,0.9991239412368297,0.9991908111040321,0.9992123378206135,0.9991713749485727,0.9991837054659256,0.9992133429651958,0.9992874330247404,0.9992918133033212,0.9992918133033207,0.9993496282089999,0.9993590385406328,0.9993685291442237,0.9993539282156224,0.9993728291508457
sdg15_redlist,0.9710000000000029,0.9710090478866364,0.971014103192678,0.9710222004648615,0.9710302977370695,0.9710378246406163,0.9710459219128267,0.9710526883248399,0.9710613559656973,0.9710715445896148,0.9710817332135575,0.9710923020832652,0.9711040116902893,0.9711142003142321,0.9711247691839396,0.9711326763332441,0.9711474279064194,0.9711560955472776,0.9711651434339117,0.9711745715663143,0.9711874219106419,0.971197990780339,0.9712108411246622,0.9712212198714847,0.9712333097242786,0.9712457798228415,0.9712576795527442,0.9712678681766724,0.971280908643879,0.9712943293568616,0.9713073698240801,0.9713198399226429,0.9713332606356255,0.9713459208570607,0.9713591514471503,0.9713693400710882,0.9713814299238817,0.9713921889164797,0.9714052293836923,0.9714169389907031,0.971428648597712,0.9714405483276153,0.9714528283032936,0.9714651082789713,0.971477198131759,0.9714889077387708,0.9714996667313537,0.9715146084274171,0.9715299303692548,0.9715425905907025,0.9715535397061807,0.971567720910699,0.9715780996575104,0.971591900616264,0.9716055114521365,0.9716179815506991,0.9716314022636822,0.9716453933453156,0.9716595745498273,0.9716724248941557,0.9716843246240627,0.9716960342310855,0.9717077438381039,0.9717217349197368,0.971735535878479,0.971750857820312,0.9717669402536887,0.9717788399835965,0.9717920705736947,0.971805871532443,0.9718187218767604,0.9718304314837788,0.9718465139171548,0.9718608852445675,0.9718769676779414,0.9718913390053437,0.9719078016844759,0.9719195112914941,0.9719335023731355,0.9719459724716984
sdg16_homicides,0.9956546383454142,0.9957703549735912,0.995886585828037,0.9960012740036261,0.9961175048580757,0.996229107675963,0.9963509950195394,0.9964697970054127,0.9965957981592729,0.9967223135394232,0.9968503715984284,0.9969702020368646,0.9970967174170149,0.9972227185708781,0.9973523193087347,0.997487576535729,0.997616148821013,0.9977400930697382,0.9978659831133478,0.9979801510216842,0.9980850859465952,0.9981863927811995,0.998273609750638,0.998363020027239,0.9984389788289526,0.9985138601722816,0.9985845191768487,0.9986558480563159,0.998729283787487,0.998797217264925,0.9988630910108047,0.9989251847849239,0.998987843672624,0.9990421697861244,0.9990960099434109,0.9991450659430446,0.9991932000569628,0.9992475751720763,0.9992926493719335,0.9993338580009564,0.9993745552301162,0.999412501332412,0.9994572648593868,0.9994902586669022,0.999530446301738,0.9995639699626444,0.9995972892053512,0.9996271366349311,0.999653512879947,0.9996820497705352,0.9997059799846599,0.9997320131230312,0.999753560368263,0.999774814217174,0.9997905868602835,0.999804575575207,0.9998266528299243,0.9998426107289942,0.9998576952756956,0.99987192680925,0.9998814534226691,0.999890033179195,0.9998986916248274,0.9999072806494778,0.999913887138313,0.9999209328555471,0.9999249636569402,0.9999300518896834,0.9999350864846455,0.9999390155873791,0.9999419955552105,0.9999453389689054,0.999948110591077,0.9999520384366871,0.9999561008871951,0.9999571539987662,0.999960415816783,0.9999627050980214,0.9999638866090222,0.9999659149277063
sdg16_prison,0.7646636475764305,0.7643136254895835,0.7639387788234707,0.7635602084704753,0.763205221467771,0.7628266511147752,0.7624468395328138,0.7620558568901896,0.7617083172612625,0.7613371942820404,0.7609722774476347,0.7606073606132286,0.7602449262367479,0.7598787681733795,0.7595423996051164,0.7592010661210027,0.7588522852631124,0.7584898508866316,0.7581435524866672,0.7577898067129238,0.7574571618315522,0.7571108634315878,0.7567744948633238,0.7564381262950616,0.7560893454371714,0.7557728365323129,0.7554265381323482,0.7551013406247506,0.7547699369723401,0.7544223973434125,0.7541021647516661,0.7537608312675521,0.7534194977834378,0.7531091950233938,0.7527926861185361,0.7524550763213093,0.7521199489820101,0.7517649619793068,0.7514583829061499,0.751120773108925,0.7507893694565139,0.7504852728412834,0.7501712463943508,0.7498708734660082,0.7495295399818949,0.7492179959928881,0.7489225879803969,0.748614767678277,0.7483032236892709,0.7479743024947845,0.747662758505778,0.7473450083719569,0.7470222933222844,0.7466884072119487,0.7463756219939774,0.7460777315235615,0.7457810822821075,0.7454620909193229,0.7451567530751303,0.7448327967964957,0.7445274589523025,0.7442084675895195,0.7438969236005114,0.7435742085508407,0.7432539759590929,0.742953603030752,0.7426470239575951,0.7423255501368854,0.7420276596664688,0.741755835004271,0.7414554620759278,0.7411451593158849,0.7408646460509472,0.7405605494357174,0.7402701063390763,0.7399883518451762,0.7396631543375783,0.7393652638671622,0.7390648909388196,0.7387806539869933
sdg16_rsf,0.7642999999999952,0.7609400154242583,0.7580122644636497,0.7552697564809794,0.7525272484983128,0.749710643324463,0.7468569895550344,0.7440156853174725,0.7412855268666606,0.7384812712246777,0.7356770155826996,0.7329962552593327,0.7301673005536274,0.7273383458479252,0.7245464397378036,0.7218409803507164,0.71907377330432,0.7162818671942004,0.7136999031257263,0.7108585988881608,0.7080049451187342,0.705274786667922,0.7024087833666341,0.6997156735114031,0.6968002720826715,0.693934268781384,0.6910806150119533,0.6881775631150829,0.6853980065368268,0.6825320032355345,0.6797524466572774,0.6770222882064648,0.6741933335007612,0.6712779320720268,0.6685971717486614,0.6658052656385419,0.6628651651460835,0.6599621132492111,0.6569726146293061,0.6542177571147709,0.6514382005365142,0.6485351486396412,0.64564444627463,0.6428154915689254,0.6398630415446063,0.6368611933928416,0.6339951900915531,0.631203283981434,0.6283496302120073,0.6254712773788573,0.6226299731412909,0.6197763193718642,0.6168115198156838,0.6137726230683346,0.6108942702351845,0.6079418202108645,0.6049893701865472,0.6020863182896737,0.5992450140521065,0.5964407584101271,0.593636502768147,0.5907581499349951,0.5878921466337068,0.5850878909917266,0.5824071306683603,0.579689321749409,0.5769591632985976,0.574340150634539,0.5717458370342028,0.5689909795196679,0.5665201612379467,0.5637406046596892,0.5612080387186611,0.5587866185643857,0.556328149814527,0.5537585352779137,0.5512259693368867,0.5486193062046886,0.5461114393273833,0.5437147182368313
sdg17_govex,0.3420407183244158,0.34275846919528347,0.34340181533748776,0.34404516147969144,0.34480542933836983,0.3455125509622868,0.34627281882096494,0.34703662976196004,0.3477685529620991,0.34847567458601647,0.34922531319774264,0.35004581345581604,0.3507812797382721,0.3515592630085375,0.3523903925135626,0.35321797893627016,0.35399950528885255,0.35478457472375236,0.35558381648792087,0.3564432906514846,0.3572602478272411,0.35805948959141,0.35889770526107,0.3597784379185386,0.36064499824673724,0.36144424001090597,0.3622824556805665,0.3630958697740047,0.3639376285259819,0.36483961967735506,0.3657026369232363,0.36653376642826146,0.36743575757963387,0.36827397324929406,0.36911927508358894,0.3700212662349618,0.3708913696454781,0.3717862746322157,0.37272015352444454,0.37370717865143394,0.3745347650741421,0.37551824711881404,0.37642378135250376,0.3773541171624155,0.3782986253015962,0.3791899872060168,0.3801309522628806,0.38108608964901414,0.38202705470587744,0.3829432181865193,0.3838345800909401,0.3847436574069473,0.3856881655461279,0.3866255875206745,0.3875204925074128,0.3885571207868453,0.38948745659675654,0.39043905090057246,0.39136584362816645,0.39235641183747305,0.393364695458367,0.3943340051737695,0.3953493749592975,0.3963505724155562,0.39732342521327646,0.39829273492867917,0.3992797600556684,0.400295129841197,0.40128569805050346,0.40229752475371483,0.4032880929630212,0.40429637658391476,0.40529048787553895,0.40630585766106725,0.40734248594050027,0.408393286549202,0.40942282866399987,0.410445284614163,0.41142522357651734,0.41247602418521956
sdg17_oda,0.08275810247545222,0.08338494966874915,0.08398111919296407,0.084573454008542,0.08515428469821462,0.0856929335928972,0.08638880554163188,0.08704249569537698,0.08770385526639289,0.0883115289165133,0.08891920256663341,0.08952687621675381,0.09015372341005076,0.09084192594151469,0.09150328551253055,0.09212629799719241,0.09276464931639616,0.09341833947014094,0.09406819491525088,0.09479474453306852,0.09549445119043865,0.09617114959599625,0.09683634387564728,0.09754371995028825,0.09822808777311662,0.09892779443048669,0.09971953409510617,0.10039623250066378,0.10111511270121085,0.10188000940538272,0.10260655902320054,0.10330626568057046,0.10405965825883617,0.1048245549630081,0.10548591453402391,0.10623930711228957,0.10695818731283663,0.10770007576519598,0.10852249309889894,0.10920686092172735,0.1099755923345347,0.11075966258188347,0.11155140224650328,0.1123009601161336,0.11310420390665928,0.11384609235901892,0.1146186584804616,0.11542573697962293,0.11623281547878438,0.11700538160022687,0.11780479068211751,0.1186272080158203,0.11948030301860672,0.12027204268322639,0.12104460880466905,0.12183251376065342,0.12260124517346063,0.12334696833445538,0.1241732203767938,0.12505315834002795,0.12586407154782472,0.12667115004698604,0.12748206325478276,0.12830448058848581,0.12913840204809482,0.12990713346090219,0.13072571608596986,0.13158264579739137,0.13238588958791733,0.13316995983526622,0.13404989779850043,0.1348684804235678,0.1357445836781664,0.13654399276005696,0.13744693897510346,0.13826552160017097,0.1390419224302492,0.13984900092941066,0.1406944265149257,0.1415206785572643
